country,year,economic,military,total
Argentina,1946,10761.72,0.0,10761.72
Argentina,1947,9703.19,0.0,9703.19
Argentina,1948,8862.1,0.0,8862.1
Argentina,1955,17571875.0,0.0,17571875.0
Argentina,1956,119162913.91,0.0,119162913.91
Argentina,1958,697210.17,0.0,697210.17
Argentina,1959,173015384.62,0.0,173015384.62
Argentina,1960,5416496.09,1861920.53,7278416.62
Argentina,1961,46106595.37,26093660.13,72200255.5
Argentina,1962,178612941.18,192538135.29,371151076.47
Argentina,1963,848026860.47,9526408.14,857553268.6
Argentina,1964,61975660.16,65061531.57,127037191.73
Argentina,1965,33636455.98,104958435.67,138594891.65
Argentina,1966,41628839.78,170448352.49,212077192.27
Argentina,1967,9648042.9,95594015.01,105242057.91
Argentina,1968,16315440.41,66619439.38,82934879.79
Argentina,1969,10588404.36,65018375.62,75606779.98
Argentina,1970,5289746.0,3126239.89,8415985.89
Argentina,1971,2517009.85,82452208.59,84969218.44
Argentina,1972,0.0,99032083.76,99032083.76
Argentina,1973,0.0,55018821.46,55018821.46
Argentina,1974,4298.93,98570158.26,98574457.19
Argentina,1975,389674.29,117291961.19,117681635.48
Argentina,1976,3643.02,125611573.94,125615216.96
Argentina,1977,380529.31,2449657.4,2830186.71
Argentina,1979,200295.44,0.0,200295.44
Argentina,1982,138383.92,0.0,138383.92
Argentina,1983,99443.9,0.0,99443.9
Argentina,1984,270962.25,0.0,270962.25
Argentina,1986,10096.97,0.0,10096.97
Argentina,1987,4740147.52,0.0,4740147.52
Argentina,1988,688764.89,63136.78,751901.67
Argentina,1989,1704552.32,268462.39,1973014.72
Argentina,1990,2748529.5,260751.1,3009280.6
Argentina,1991,3809920.77,6885306.12,10695226.89
Argentina,1992,4132445.47,11165790.79,15298236.26
Argentina,1993,7380763.84,26216879.94,33597643.78
Argentina,1994,5703126.55,1991938.56,7695065.11
Argentina,1995,1151854.5,8914222.94,10066077.44
Argentina,1996,569748.19,25595883.71,26165631.9
Argentina,1997,1247743.17,3363098.72,4610841.89
Argentina,1998,4090429.22,8422221.2,12512650.42
Argentina,1999,870678.47,12276013.24,13146691.71
Argentina,2000,1499507.04,8417429.15,9916936.19
Argentina,2001,2932279.0,2970668.09,5902947.08
Argentina,2002,487901.28,3867892.01,4355793.29
Argentina,2003,892616.53,6292858.6,7185475.13
Argentina,2004,2482216.11,1747132.18,4229348.29
Argentina,2005,1197342.18,1670900.64,2868242.82
Argentina,2006,2561038.64,1592818.68,4153857.32
Argentina,2007,9625724.11,1667426.41,11293150.51
Argentina,2008,3499123.92,1584766.62,5083890.54
Argentina,2009,3267962.07,1600845.7,4868807.77
Argentina,2010,6734875.2,1733300.56,8468175.76
Argentina,2011,20066800.4,791826.57,20858626.97
Argentina,2012,6185867.12,1094901.56,7280768.68
Argentina,2013,1949324.75,546619.21,2495943.95
Argentina,2014,2328958.07,378116.96,2707075.03
Argentina,2015,1633978.34,359872.0,1993850.34
Argentina,2016,2188590.49,409104.7,2597695.19
Argentina,2017,4950634.45,554410.8,5505045.24
Argentina,2018,4329797.06,951422.41,5281219.47
Argentina,2019,13341057.67,4229633.53,17570691.2
Bolivia,1946,4304689.0,0.0,4304689.0
Bolivia,1947,3881276.96,0.0,3881276.96
Bolivia,1948,3544838.46,0.0,3544838.46
Bolivia,1949,3428658.54,0.0,3428658.54
Bolivia,1950,4345440.49,0.0,4345440.49
Bolivia,1951,4125458.55,0.0,4125458.55
Bolivia,1952,11904263.75,0.0,11904263.75
Bolivia,1953,10124515.24,0.0,10124515.24
Bolivia,1954,121619986.31,0.0,121619986.31
Bolivia,1955,206278532.61,0.0,206278532.61
Bolivia,1956,209279867.55,0.0,209279867.55
Bolivia,1957,196050957.85,0.0,196050957.85
Bolivia,1958,156175077.5,599600.74,156774678.24
Bolivia,1959,170955677.66,2334334.55,173290012.21
Bolivia,1960,101559301.63,2186910.3,103746211.92
Bolivia,1961,205140938.8,11707065.95,216848004.75
Bolivia,1962,242119764.71,15850244.71,257970009.41
Bolivia,1963,411917441.86,32443402.33,444360844.19
Bolivia,1964,498387600.46,18399024.11,516786624.57
Bolivia,1965,119314221.22,15847213.32,135161434.54
Bolivia,1966,231760798.9,17776135.91,249536934.81
Bolivia,1967,115776514.75,22431699.73,138208214.48
Bolivia,1968,108381139.9,14252702.59,122633842.49
Bolivia,1969,119821727.45,10867046.58,130688774.03
Bolivia,1970,42317968.02,7871142.05,50189110.07
Bolivia,1971,58898030.44,12625321.4,71523351.84
Bolivia,1972,288363780.34,28936823.08,317300603.42
Bolivia,1973,125723095.82,22072923.01,147796018.84
Bolivia,1974,202483886.09,34000234.71,236484120.8
Bolivia,1975,100535966.74,28118896.74,128654863.48
Bolivia,1976,118060726.03,85719139.94,203779865.97
Bolivia,1977,154753114.2,9023980.66,163777094.86
Bolivia,1978,169240681.57,2428728.56,171669410.13
Bolivia,1979,150448387.11,18869008.91,169317396.02
Bolivia,1980,81515212.72,555391.47,82070604.19
Bolivia,1981,31429104.19,0.0,31429104.19
Bolivia,1982,45466037.33,0.0,45466037.33
Bolivia,1983,139232507.37,0.0,139232507.37
Bolivia,1984,166488165.05,266695.12,166754860.18
Bolivia,1985,104492620.89,6914421.52,111407042.41
Bolivia,1986,150709324.12,282715.03,150992039.15
Bolivia,1987,154056769.58,363411.31,154420180.89
Bolivia,1988,175371019.39,719376.66,176090396.05
Bolivia,1989,147703963.7,1425057.23,149129020.93
Bolivia,1990,193605034.07,82931267.82,276536301.89
Bolivia,1991,265880728.94,61464202.86,327344931.8
Bolivia,1992,284968961.13,46524685.29,331493646.42
Bolivia,1993,217688149.33,37468707.03,255156856.36
Bolivia,1994,144624710.49,12207600.11,156832310.6
Bolivia,1995,102420477.7,5628432.12,108048909.83
Bolivia,1996,133198834.14,846943.74,134045777.88
Bolivia,1997,199947633.06,7122114.58,207069747.65
Bolivia,1998,164104401.03,14511304.27,178615705.29
Bolivia,1999,198198334.23,7233202.66,205431536.89
Bolivia,2000,335471421.15,12152586.2,347624007.35
Bolivia,2001,275629815.13,9495151.05,285124966.18
Bolivia,2002,264653905.87,8560657.05,273214562.92
Bolivia,2003,298829658.96,9730649.15,308560308.12
Bolivia,2004,176601967.91,12333636.32,188935604.23
Bolivia,2005,163099948.74,7230677.37,170330626.12
Bolivia,2006,225284421.92,4928486.05,230212907.97
Bolivia,2007,168050738.71,2429330.74,170480069.45
Bolivia,2008,155982997.98,1895996.18,157878994.17
Bolivia,2009,97118597.11,732050.94,97850648.05
Bolivia,2010,106162204.61,1012163.38,107174367.98
Bolivia,2011,99462779.32,320855.92,99783635.24
Bolivia,2012,45563839.86,257533.4,45821373.26
Bolivia,2013,3093198.31,197209.17,3290407.48
Bolivia,2014,7973981.21,0.0,7973981.21
Bolivia,2015,60032067.02,0.0,60032067.02
Bolivia,2016,1582421.76,0.0,1582421.76
Bolivia,2017,2404971.19,0.0,2404971.19
Bolivia,2018,1897079.3,0.0,1897079.3
Bolivia,2019,3174727.59,0.0,3174727.59
Brazil,1946,185101626.79,0.0,185101626.79
Brazil,1947,12614150.13,0.0,12614150.13
Brazil,1948,12406934.59,0.0,12406934.59
Brazil,1949,6857317.07,0.0,6857317.07
Brazil,1950,6952704.79,0.0,6952704.79
Brazil,1951,9901100.51,0.0,9901100.51
Brazil,1952,20620310.3,213340902.68,233961212.98
Brazil,1953,141743213.3,499216481.99,640959695.29
Brazil,1954,20013415.47,88520876.11,108534291.58
Brazil,1955,44311684.78,58827581.52,103139266.3
Brazil,1956,295672980.13,63260611.92,358933592.05
Brazil,1957,871098212.01,187462058.75,1058560270.75
Brazil,1958,63446125.23,47647342.84,111093468.07
Brazil,1959,81708575.09,150145771.67,231854346.76
Brazil,1960,90733080.07,225333007.83,316066087.9
Brazil,1961,616091027.93,178813404.63,794904432.56
Brazil,1962,1360104470.59,260477205.88,1620581676.47
Brazil,1963,923871976.74,53817340.7,977689317.44
Brazil,1964,2174958323.77,225307347.88,2400265671.64
Brazil,1965,1718632505.64,85544488.71,1804176994.36
Brazil,1966,2044162430.94,210088949.17,2254251380.11
Brazil,1967,1447206434.32,201999868.1,1649206302.41
Brazil,1968,1635622901.55,211255818.65,1846878720.21
Brazil,1969,162732629.34,4201924.68,166934554.01
Brazil,1970,814620884.29,4110132.64,818731016.93
Brazil,1971,592000716.2,60337760.07,652338476.28
Brazil,1972,100925641.03,98633187.18,199558828.21
Brazil,1973,247761998.36,80200282.56,327962280.92
Brazil,1974,73941590.21,198632045.11,272573635.32
Brazil,1975,57286017.33,253970218.3,311256235.62
Brazil,1976,21652105.38,160814067.62,182466173.0
Brazil,1977,14256258.61,156288.82,14412547.43
Brazil,1978,6503135.58,0.0,6503135.58
Brazil,1979,6038318.49,0.0,6038318.49
Brazil,1980,6317916.65,0.0,6317916.65
Brazil,1981,2592574.25,0.0,2592574.25
Brazil,1982,1612172.68,0.0,1612172.68
Brazil,1983,724835.53,0.0,724835.53
Brazil,1984,64006.83,0.0,64006.83
Brazil,1985,1548467.05,0.0,1548467.05
Brazil,1986,1399439.4,0.0,1399439.4
Brazil,1987,10647556.38,0.0,10647556.38
Brazil,1988,5370452.88,82269.14,5452722.01
Brazil,1989,4060034.01,228009.16,4288043.17
Brazil,1990,6162456.78,172060.25,6334517.04
Brazil,1991,8186320.68,123318.92,8309639.6
Brazil,1992,5904183.42,245640.71,6149824.13
Brazil,1993,16235057.36,408173.64,16643231.0
Brazil,1994,13811430.23,153398.12,13964828.36
Brazil,1995,14448638.01,156455.2,14605093.21
Brazil,1996,7800766.48,307141.88,8107908.36
Brazil,1997,11427070.71,4692749.23,16119819.94
Brazil,1998,29774637.47,14265400.48,44040037.94
Brazil,1999,27806502.34,2235074.45,30041576.79
Brazil,2000,28988211.53,1091438.72,30079650.25
Brazil,2001,28122007.11,27304985.16,55426992.27
Brazil,2002,33102294.92,1792539.2,34894834.12
Brazil,2003,54038386.7,1745444.55,55783831.25
Brazil,2004,33168653.29,889521.64,34058174.92
Brazil,2005,58245896.58,837385.73,59083282.31
Brazil,2006,46656757.19,1208991.88,47865749.07
Brazil,2007,23920432.3,926212.77,24846645.07
Brazil,2008,41782978.85,2588809.88,44371788.74
Brazil,2009,49409635.85,1130494.13,50540129.98
Brazil,2010,36101606.42,1698237.16,37799843.58
Brazil,2011,48857277.41,3956554.34,52813831.74
Brazil,2012,26447311.91,1682258.78,28129570.69
Brazil,2013,27697728.88,1608118.81,29305847.69
Brazil,2014,20997853.39,3164301.75,24162155.14
Brazil,2015,16695134.12,834057.98,17529192.1
Brazil,2016,13974247.46,6522364.4,20496611.87
Brazil,2017,27792009.06,5146456.88,32938465.94
Brazil,2018,25006004.22,7560631.57,32566635.78
Brazil,2019,69159842.21,958593.4,70118435.61
Chile,1946,15066411.48,0.0,15066411.48
Chile,1947,16495427.09,0.0,16495427.09
Chile,1948,7975886.52,0.0,7975886.52
Chile,1949,3428658.54,0.0,3428658.54
Chile,1950,2607264.3,0.0,2607264.3
Chile,1951,3300366.84,0.0,3300366.84
Chile,1952,8723977.43,53136953.46,61860930.89
Chile,1953,10124515.24,63862326.87,73986842.11
Chile,1954,10776454.48,5365134.84,16141589.32
Chile,1955,47367663.04,39681877.72,87049540.76
Chile,1956,208535099.34,28293744.37,236828843.71
Chile,1957,31597956.58,45106083.01,76704039.59
Chile,1958,193824426.53,68417233.73,262241660.26
Chile,1959,106418192.92,35495616.61,141913809.52
Chile,1960,185514990.97,53088432.27,238603423.24
Chile,1961,392240166.37,115787693.4,508027859.77
Chile,1962,1094831176.47,105547017.65,1200378194.12
Chile,1963,449840000.0,164910820.93,614750820.93
Chile,1964,721758208.96,60955644.09,782713853.04
Chile,1965,795851241.53,66333629.8,862184871.33
Chile,1966,691535801.1,64294811.05,755830612.15
Chile,1967,155574691.69,26158256.3,181732947.99
Chile,1968,483059402.07,45986234.2,529045636.27
Chile,1969,287007059.46,65402901.88,352409961.35
Chile,1970,139120319.85,4506863.59,143627183.44
Chile,1971,43292569.38,28643572.07,71936141.45
Chile,1972,35564273.5,58916544.44,94480817.95
Chile,1973,17499918.1,69037176.9,86537095.0
Chile,1974,42129510.7,69242860.09,111372370.8
Chile,1975,372142843.38,2431567.57,374574410.95
Chile,1976,303291720.28,0.0,303291720.28
Chile,1977,112966239.88,0.0,112966239.88
Chile,1978,22294645.91,0.0,22294645.91
Chile,1979,39593696.18,0.0,39593696.18
Chile,1980,27569090.82,0.0,27569090.82
Chile,1981,29690032.02,0.0,29690032.02
Chile,1982,15591255.13,0.0,15591255.13
Chile,1983,6236237.37,0.0,6236237.37
Chile,1984,3597183.84,0.0,3597183.84
Chile,1985,2582843.03,0.0,2582843.03
Chile,1986,2296049.92,0.0,2296049.92
Chile,1987,2160717.25,0.0,2160717.25
Chile,1988,2655571.28,0.0,2655571.28
Chile,1989,9774973.19,0.0,9774973.19
Chile,1990,4549840.69,0.0,4549840.69
Chile,1991,27697428.45,5674382.88,33371811.33
Chile,1992,9747090.34,6298094.21,16045184.55
Chile,1993,16320414.63,434296.75,16754711.38
Chile,1994,10175408.92,154996.02,10330404.94
Chile,1995,10002181.14,795424.51,10797605.65
Chile,1996,3410810.6,857736.7,4268547.3
Chile,1997,2301106.94,765023.75,3066130.69
Chile,1998,1436736.86,32831893.71,34268630.57
Chile,1999,1522218.13,1372827.16,2895045.29
Chile,2000,987016.72,1280313.85,2267330.57
Chile,2001,1381548.0,3486391.0,4867939.0
Chile,2002,509051.05,1860469.92,2369520.97
Chile,2003,1075290.51,3324785.96,4400076.47
Chile,2004,2157543.37,2173943.01,4331486.38
Chile,2005,2657141.04,1967662.92,4624803.96
Chile,2006,1230038.89,1725345.19,2955384.08
Chile,2007,1289609.62,1584663.64,2874273.26
Chile,2008,3127633.51,833522.85,3961156.36
Chile,2009,6586968.84,23177958.85,29764927.69
Chile,2010,30412630.7,2665986.91,33078617.6
Chile,2011,2175509.47,3048139.49,5223648.96
Chile,2012,3622350.46,1059431.68,4681782.14
Chile,2013,7691613.9,851424.01,8543037.91
Chile,2014,3430891.9,1375977.3,4806869.2
Chile,2015,1434946.09,2218565.9,3653511.99
Chile,2016,2046340.12,528821.04,2575161.16
Chile,2017,970842.43,546470.48,1517312.91
Chile,2018,770248.89,369790.74,1140039.63
Chile,2019,1799264.24,504193.67,2303457.91
Colombia,1946,5380861.24,0.0,5380861.24
Colombia,1947,10673511.65,0.0,10673511.65
Colombia,1948,1772419.23,0.0,1772419.23
Colombia,1949,1714329.27,0.0,1714329.27
Colombia,1950,2607264.3,0.0,2607264.3
Colombia,1951,2475275.13,0.0,2475275.13
Colombia,1952,5551622.0,27766040.9,33317662.91
Colombia,1953,7788088.64,49064958.45,56853047.09
Colombia,1954,10776454.48,13093392.2,23869846.68
Colombia,1955,34379755.43,35900104.62,70279860.05
Colombia,1956,84158807.95,24569903.31,108728711.26
Colombia,1957,127109961.69,17989291.19,145099252.87
Colombia,1958,94820582.77,48937181.65,143757764.41
Colombia,1959,42567277.17,12001225.89,54568503.05
Colombia,1960,75830945.21,34936399.76,110767344.97
Colombia,1961,264611764.71,118306850.86,382918615.57
Colombia,1962,513346823.53,56792300.0,570139123.53
Colombia,1963,795066046.51,43539019.77,838605066.28
Colombia,1964,682377841.56,58715482.2,741093323.77
Colombia,1965,172624830.7,65724365.69,238349196.39
Colombia,1966,631267182.32,83723674.03,714990856.35
Colombia,1967,707322144.77,57224954.42,764547099.2
Colombia,1968,582694300.52,28406347.15,611100647.67
Colombia,1969,618034016.85,22291377.6,640325394.45
Colombia,1970,693485700.85,39043615.24,732529316.09
Colombia,1971,491823724.26,33602081.47,525425805.73
Colombia,1972,557494017.09,41518886.32,599012903.42
Colombia,1973,444866339.07,48318194.92,493184533.99
Colombia,1974,229992737.0,2355813.46,232348550.46
Colombia,1975,111057172.56,2587437.28,113644609.84
Colombia,1976,150875392.53,76829004.79,227704397.31
Colombia,1977,30751524.47,2368115.41,33119639.88
Colombia,1978,23189105.58,165911127.09,189100232.66
Colombia,1979,25964769.51,38159227.34,64123996.86
Colombia,1980,62737562.52,698980.49,63436543.0
Colombia,1981,14228323.76,606825.18,14835148.94
Colombia,1982,6999920.02,23862000.82,30861920.84
Colombia,1983,8695816.47,1319289.05,10015105.52
Colombia,1984,17493066.59,53874548.66,71367615.25
Colombia,1985,23293073.62,1587694.88,24880768.5
Colombia,1986,23305815.41,2017373.68,25323189.08
Colombia,1987,23684937.13,2699909.03,26384846.15
Colombia,1988,19689109.56,8056635.93,27745745.49
Colombia,1989,20346139.63,111154463.7,131500603.34
Colombia,1990,37421937.72,161333980.76,198755918.48
Colombia,1991,35923485.23,93494578.43,129418063.66
Colombia,1992,40641005.35,97474245.47,138115250.82
Colombia,1993,83062844.98,49991474.16,133054319.13
Colombia,1994,34822972.15,13741915.32,48564887.47
Colombia,1995,27372236.75,17229801.34,44602038.09
Colombia,1996,26109824.23,6043016.52,32152840.75
Colombia,1997,53373820.8,104817231.68,158191052.48
Colombia,1998,70503159.11,102255737.87,172758896.99
Colombia,1999,317070055.07,161898699.07,478968754.14
Colombia,2000,1495244230.53,189680901.22,1684925131.75
Colombia,2001,98146985.27,273523221.69,371670206.97
Colombia,2002,573905441.26,166808734.96,740714176.22
Colombia,2003,666727775.7,267555001.96,934282777.66
Colombia,2004,460348111.58,375751171.17,836099282.75
Colombia,2005,570915649.07,331455076.64,902370725.71
Colombia,2006,1235753238.64,292535737.96,1528288976.6
Colombia,2007,196847042.01,264111835.33,460958877.35
Colombia,2008,645747179.12,207305122.26,853052301.37
Colombia,2009,799802290.34,218254934.32,1018057224.67
Colombia,2010,711400159.81,217210727.92,928610887.73
Colombia,2011,269620268.15,184571435.27,454191703.42
Colombia,2012,670148768.78,113939919.62,784088688.4
Colombia,2013,177991840.12,101398908.58,279390748.7
Colombia,2014,527377027.63,82872614.74,610249642.37
Colombia,2015,815510055.42,83705641.34,899215696.76
Colombia,2016,238604623.38,107586652.33,346191275.71
Colombia,2017,422578075.03,129387684.49,551965759.51
Colombia,2018,438534066.31,87677609.35,526211675.66
Colombia,2019,716049923.5,84697566.57,800747490.07
Costa Rica,1946,21523444.98,0.0,21523444.98
Costa Rica,1947,3881276.96,0.0,3881276.96
Costa Rica,1948,1781281.32,0.0,1781281.32
Costa Rica,1949,857164.63,0.0,857164.63
Costa Rica,1950,3476352.4,0.0,3476352.4
Costa Rica,1951,5775641.97,0.0,5775641.97
Costa Rica,1952,17447954.87,0.0,17447954.87
Costa Rica,1953,19470221.61,0.0,19470221.61
Costa Rica,1954,14625188.23,0.0,14625188.23
Costa Rica,1955,15279891.3,0.0,15279891.3
Costa Rica,1956,83414039.74,0.0,83414039.74
Costa Rica,1957,79713026.82,0.0,79713026.82
Costa Rica,1958,18824674.52,0.0,18824674.52
Costa Rica,1959,21970207.57,0.0,21970207.57
Costa Rica,1960,50779650.81,40623.72,50820274.53
Costa Rica,1961,67489364.23,414291.15,67903655.38
Costa Rica,1962,39030235.29,4108097.65,43138332.94
Costa Rica,1963,94152558.14,2124970.93,96277529.07
Costa Rica,1964,105875086.11,2795360.51,108670446.61
Costa Rica,1965,93293566.59,1370844.24,94664410.84
Costa Rica,1966,29202320.44,1373130.39,30575450.83
Costa Rica,1967,90450402.14,126630.56,90577032.71
Costa Rica,1968,67009844.56,0.0,67009844.56
Costa Rica,1969,103097621.41,0.0,103097621.41
Costa Rica,1970,109497742.24,0.0,109497742.24
Costa Rica,1971,39768755.6,503401.97,40272157.56
Costa Rica,1972,18262735.04,0.0,18262735.04
Costa Rica,1973,11973628.17,0.0,11973628.17
Costa Rica,1974,45577252.29,0.0,45577252.29
Costa Rica,1975,14417948.72,0.0,14417948.72
Costa Rica,1976,36366328.31,0.0,36366328.31
Costa Rica,1977,39259072.51,16987915.41,56246987.92
Costa Rica,1978,28578145.49,0.0,28578145.49
Costa Rica,1979,52689483.5,0.0,52689483.5
Costa Rica,1980,43114633.58,0.0,43114633.58
Costa Rica,1981,37591093.22,76469.84,37667563.06
Costa Rica,1982,119418404.84,106094.34,119524499.18
Costa Rica,1983,473107662.41,271813.32,473379475.73
Costa Rica,1984,362353331.44,285897.17,362639228.61
Costa Rica,1985,454324360.57,23183648.61,477508009.18
Costa Rica,1986,328607756.51,430130.72,329037887.23
Costa Rica,1987,357956190.38,408837.72,358365028.1
Costa Rica,1988,230673100.03,420911.87,231094011.91
Costa Rica,1989,224870352.84,380628.19,225250981.03
Costa Rica,1990,169413717.35,386692.11,169800409.46
Costa Rica,1991,77334662.2,539520.26,77874182.46
Costa Rica,1992,45118684.64,344231.2,45462915.84
Costa Rica,1993,45434786.96,367356.27,45802143.23
Costa Rica,1994,19474690.85,161387.61,19636078.46
Costa Rica,1995,9922701.89,175667.9,10098369.79
Costa Rica,1996,3342932.24,301209.44,3644141.68
Costa Rica,1997,402882.33,502471.22,905353.55
Costa Rica,1998,1545468.06,672137.03,2217605.09
Costa Rica,1999,2963433.56,1113349.59,4076783.15
Costa Rica,2000,1864817.49,1634995.38,3499812.87
Costa Rica,2001,2667420.54,2459358.22,5126778.76
Costa Rica,2002,2859419.59,1817493.34,4676912.93
Costa Rica,2003,3706158.52,2058589.83,5764748.36
Costa Rica,2004,4852462.59,1170073.3,6022535.89
Costa Rica,2005,5696462.66,957380.91,6653843.57
Costa Rica,2006,5960193.17,778905.84,6739099.01
Costa Rica,2007,7820103.05,1092955.41,8913058.46
Costa Rica,2008,7489725.97,3128989.93,10618715.89
Costa Rica,2009,7181454.29,3482251.99,10663706.29
Costa Rica,2010,10490945.75,2681181.04,13172126.79
Costa Rica,2011,8337454.39,3961424.7,12298879.09
Costa Rica,2012,8732471.79,5111025.85,13843497.64
Costa Rica,2013,7715239.83,4069515.94,11784755.77
Costa Rica,2014,11285476.17,2208427.29,13493903.46
Costa Rica,2015,11368434.51,4484066.17,15852500.68
Costa Rica,2016,13726496.82,11484350.71,25210847.53
Costa Rica,2017,10359324.91,8633750.62,18993075.53
Costa Rica,2018,16085484.48,13934375.06,30019859.54
Costa Rica,2019,17527736.87,19446701.2,36974438.07
Cuba,1946,1076172.25,0.0,1076172.25
Cuba,1947,970319.24,0.0,970319.24
Cuba,1948,886209.61,0.0,886209.61
Cuba,1951,825091.71,0.0,825091.71
Cuba,1952,793088.86,4758533.15,5551622.0
Cuba,1953,1557617.73,13239750.69,14797368.42
Cuba,1954,1539493.5,11538503.76,13077997.26
Cuba,1955,3819972.83,12155153.53,15975126.36
Cuba,1956,3723841.06,15178376.16,18902217.22
Cuba,1957,4308812.26,40143767.56,44452579.82
Cuba,1958,3486050.84,14313724.74,17799775.57
Cuba,1959,2753141.64,6124195.36,8877337.0
Cuba,1960,6093558.1,677062.01,6770620.11
Cuba,1961,13364.23,0.0,13364.23
Cuba,1990,319287.07,0.0,319287.07
Cuba,1991,791522.46,0.0,791522.46
Cuba,1992,1928874.48,0.0,1928874.48
Cuba,1993,893247.18,0.0,893247.18
Cuba,1994,923528.61,0.0,923528.61
Cuba,1995,1366734.77,0.0,1366734.77
Cuba,1996,3858098.25,0.0,3858098.25
Cuba,1997,852929.05,0.0,852929.05
Cuba,1998,609543.33,0.0,609543.33
Cuba,1999,1095396.89,0.0,1095396.89
Cuba,2000,6257127.34,0.0,6257127.34
Cuba,2001,5062671.99,0.0,5062671.99
Cuba,2002,11183988.96,0.0,11183988.96
Cuba,2003,10205946.5,0.0,10205946.5
Cuba,2004,12416731.46,0.0,12416731.46
Cuba,2005,19721753.61,0.0,19721753.61
Cuba,2006,21912028.46,0.0,21912028.46
Cuba,2007,14718337.01,0.0,14718337.01
Cuba,2008,40421265.82,0.0,40421265.82
Cuba,2009,23985168.41,0.0,23985168.41
Cuba,2010,17368481.61,0.0,17368481.61
Cuba,2011,15965079.93,0.0,15965079.93
Cuba,2012,13225967.68,0.0,13225967.68
Cuba,2013,14488129.52,0.0,14488129.52
Cuba,2014,6996140.64,0.0,6996140.64
Cuba,2015,6187899.65,0.0,6187899.65
Cuba,2016,14975762.65,0.0,14975762.65
Cuba,2017,14818052.94,0.0,14818052.94
Cuba,2018,12126535.16,0.0,12126535.16
Cuba,2019,14850539.98,0.0,14850539.98
Dominican Republic,1946,2152344.5,0.0,2152344.5
Dominican Republic,1947,1940638.48,0.0,1940638.48
Dominican Republic,1948,886209.61,0.0,886209.61
Dominican Republic,1949,8571.65,0.0,8571.65
Dominican Republic,1951,825091.71,0.0,825091.71
Dominican Republic,1952,1586177.72,0.0,1586177.72
Dominican Republic,1953,2336426.59,3130811.63,5467238.23
Dominican Republic,1954,1539493.5,10776454.48,12315947.98
Dominican Republic,1955,2291983.7,3781773.1,6073756.79
Dominican Republic,1956,2234304.64,17859541.72,20093846.36
Dominican Republic,1957,1436270.75,7447063.86,8883334.61
Dominican Republic,1958,1394420.33,12584643.52,13979063.86
Dominican Republic,1959,1373137.97,2725678.88,4098816.85
Dominican Republic,1960,2031186.03,636438.29,2667624.32
Dominican Republic,1961,668211.53,407609.03,1075820.56
Dominican Republic,1962,178612941.18,7548050.59,186160991.76
Dominican Republic,1963,328226279.07,26107719.77,354333998.84
Dominican Republic,1964,93609070.03,12879316.88,106488386.91
Dominican Republic,1965,420138374.72,10573270.88,430711645.6
Dominican Republic,1966,625053922.65,20087468.51,645141391.16
Dominican Republic,1967,354565576.41,16618753.89,371184330.29
Dominican Republic,1968,342041554.4,14957762.69,356999317.1
Dominican Republic,1969,146565807.73,14049140.73,160614948.46
Dominican Republic,1970,104736970.84,10822820.32,115559791.16
Dominican Republic,1971,134911727.84,5648170.1,140559897.94
Dominican Republic,1972,129280940.17,9717697.44,138998637.61
Dominican Republic,1973,72302293.2,11020343.16,83322636.36
Dominican Republic,1974,74380081.04,3469236.24,77849317.28
Dominican Republic,1975,45595788.63,5876288.29,51472076.92
Dominican Republic,1976,108037855.95,10239908.1,118277764.05
Dominican Republic,1977,47324934.74,5208494.86,52533429.61
Dominican Republic,1978,19515773.0,1951258.99,21467031.98
Dominican Republic,1979,142604464.12,2801190.68,145405654.79
Dominican Republic,1980,151069189.59,9317030.6,160386220.19
Dominican Republic,1981,94743664.84,8251342.4,102995007.24
Dominican Republic,1982,189996511.07,10217346.19,200213857.26
Dominican Republic,1983,139276704.66,12313364.51,151590069.17
Dominican Republic,1984,209417545.82,6780456.84,216198002.66
Dominican Republic,1985,352398065.72,17970476.23,370368541.95
Dominican Republic,1986,205636815.59,1383284.25,207020099.84
Dominican Republic,1987,74258361.08,1580049.17,75838410.26
Dominican Republic,1988,115618752.3,2315015.31,117933767.61
Dominican Republic,1989,150646017.33,1254050.36,151900067.69
Dominican Republic,1990,46348065.3,3567146.06,49915211.36
Dominican Republic,1991,38107257.69,2802079.81,40909337.5
Dominican Republic,1992,37859583.8,3245131.05,41104714.86
Dominican Republic,1993,41599667.49,2396926.2,43996593.69
Dominican Republic,1994,145021468.34,13497437.06,158518905.4
Dominican Republic,1995,23921820.63,735148.58,24656969.21
Dominican Republic,1996,20953219.17,804745.52,21757964.69
Dominican Republic,1997,22285277.61,2096798.82,24382076.43
Dominican Republic,1998,27143307.45,2704779.25,29848086.69
Dominican Republic,1999,70531042.48,2926637.97,73457680.45
Dominican Republic,2000,27780047.98,6917731.79,34697779.78
Dominican Republic,2001,61730517.13,2532603.71,64263120.84
Dominican Republic,2002,34698787.77,8385336.9,43084124.67
Dominican Republic,2003,48938067.55,2462955.69,51401023.24
Dominican Republic,2004,45666467.92,5603055.57,51269523.49
Dominican Republic,2005,38055011.41,4301923.5,42356934.91
Dominican Republic,2006,51620421.71,5646129.63,57266551.34
Dominican Republic,2007,53701650.96,3533240.04,57234891.01
Dominican Republic,2008,46523977.97,2985895.88,49509873.85
Dominican Republic,2009,73992393.83,2626424.32,76618818.15
Dominican Republic,2010,88024111.98,9279635.98,97303747.95
Dominican Republic,2011,73284501.6,10079352.98,83363854.58
Dominican Republic,2012,85824170.97,9299447.85,95123618.83
Dominican Republic,2013,61629700.94,2045661.09,63675362.03
Dominican Republic,2014,47654614.32,6734223.98,54388838.3
Dominican Republic,2015,110343296.89,4906041.79,115249338.69
Dominican Republic,2016,53212197.42,6053733.31,59265930.73
Dominican Republic,2017,57813193.87,6470302.28,64283496.15
Dominican Republic,2018,54515156.3,3319237.47,57834393.77
Dominican Republic,2019,47354222.22,5035503.17,52389725.39
Ecuador,1946,6457033.49,0.0,6457033.49
Ecuador,1947,6792234.69,0.0,6792234.69
Ecuador,1948,5317257.68,0.0,5317257.68
Ecuador,1949,4285823.17,0.0,4285823.17
Ecuador,1950,5214528.59,0.0,5214528.59
Ecuador,1951,5775641.97,0.0,5775641.97
Ecuador,1952,11103244.01,18241043.72,29344287.73
Ecuador,1953,7788088.64,31152354.57,38940443.21
Ecuador,1954,10006707.73,8467214.24,18473921.97
Ecuador,1955,12223913.04,9167934.78,21391847.83
Ecuador,1956,32769801.32,17092430.46,49862231.79
Ecuador,1957,45960664.11,15870791.83,61831455.94
Ecuador,1958,41135399.88,28899361.44,70034761.31
Ecuador,1959,51492673.99,27222460.32,78715134.31
Ecuador,1960,56873208.91,5998769.42,62871978.33
Ecuador,1961,85531075.46,73008791.44,158539866.9
Ecuador,1962,241458235.29,32090791.76,273549027.06
Ecuador,1963,231458372.09,22616229.07,254074601.16
Ecuador,1964,184635820.9,33118243.4,217754064.29
Ecuador,1965,114871670.43,36873171.56,151744841.99
Ecuador,1966,146011602.21,23523401.1,169535003.31
Ecuador,1967,50652225.2,39538885.79,90191110.99
Ecuador,1968,37292435.23,13914739.9,51207175.13
Ecuador,1969,66874132.8,12644783.94,79518916.75
Ecuador,1970,136475446.85,12330397.93,148805844.78
Ecuador,1971,114272247.09,1490069.83,115762316.92
Ecuador,1972,46137435.9,0.0,46137435.9
Ecuador,1973,79210155.61,0.0,79210155.61
Ecuador,1974,32680463.3,4298.93,32684762.23
Ecuador,1975,31173943.17,1484659.04,32658602.22
Ecuador,1976,17804596.04,38477842.81,56282438.85
Ecuador,1977,12941393.96,52298996.37,65240390.33
Ecuador,1978,17739586.19,34069045.57,51808631.76
Ecuador,1979,18418344.16,1334321.11,19752665.27
Ecuador,1980,31998676.46,8729128.4,40727804.87
Ecuador,1981,45603159.03,10597239.75,56200398.77
Ecuador,1982,52703516.41,11478946.27,64182462.67
Ecuador,1983,58833220.28,10004056.2,68837276.48
Ecuador,1984,61474292.92,14290591.54,75764884.46
Ecuador,1985,107063076.19,13783421.33,120846497.52
Ecuador,1986,121676509.97,9079191.24,130755701.2
Ecuador,1987,89912698.28,1068508.25,90981206.53
Ecuador,1988,40065070.77,1293347.4,41358418.17
Ecuador,1989,74566349.25,1193370.5,75759719.75
Ecuador,1990,42627572.76,6504587.07,49132159.83
Ecuador,1991,42118547.97,4848831.25,46967379.23
Ecuador,1992,48207909.03,11237644.87,59445553.91
Ecuador,1993,31207323.46,8361786.32,39569109.78
Ecuador,1994,31257264.71,813329.64,32070594.34
Ecuador,1995,22573982.53,458413.75,23032396.27
Ecuador,1996,20952912.03,861803.26,21814715.29
Ecuador,1997,22905105.28,4401904.4,27307009.68
Ecuador,1998,23223004.9,7655804.66,30878809.57
Ecuador,1999,40953086.24,14880387.02,55833473.26
Ecuador,2000,93387608.71,18152629.97,111540238.68
Ecuador,2001,62301407.37,28568643.13,90870050.51
Ecuador,2002,89073850.49,34915003.7,123988854.19
Ecuador,2003,71334211.06,31437062.95,102771274.02
Ecuador,2004,88027120.79,23780410.26,111807531.05
Ecuador,2005,61517971.9,27205359.11,88723331.01
Ecuador,2006,54801424.72,29710944.3,84512369.02
Ecuador,2007,29245360.65,26542507.36,55787868.01
Ecuador,2008,34789772.06,24513203.48,59302975.54
Ecuador,2009,43084512.97,24329789.73,67414302.7
Ecuador,2010,48285951.54,17747922.47,66033874.01
Ecuador,2011,62742891.79,8291878.4,71034770.18
Ecuador,2012,28764940.66,5339600.8,34104541.46
Ecuador,2013,49255948.89,4221935.47,53477884.36
Ecuador,2014,24570738.88,225353.37,24796092.25
Ecuador,2015,37581152.92,3502.33,37584655.25
Ecuador,2016,27946661.28,0.0,27946661.28
Ecuador,2017,18807780.1,0.0,18807780.1
Ecuador,2018,79977919.67,294004.61,80271924.28
Ecuador,2019,80136549.17,186275.79,80322824.96
El Salvador,1946,5380861.24,0.0,5380861.24
El Salvador,1947,2910957.72,0.0,2910957.72
El Salvador,1948,2667490.94,0.0,2667490.94
El Salvador,1949,1722900.91,0.0,1722900.91
El Salvador,1950,3476352.4,0.0,3476352.4
El Salvador,1951,1658434.34,0.0,1658434.34
El Salvador,1952,3973375.18,0.0,3973375.18
El Salvador,1953,5459450.14,0.0,5459450.14
El Salvador,1954,4618480.49,0.0,4618480.49
El Salvador,1955,6111956.52,0.0,6111956.52
El Salvador,1956,8192450.33,0.0,8192450.33
El Salvador,1957,12208301.4,0.0,12208301.4
El Salvador,1958,7669311.84,0.0,7669311.84
El Salvador,1959,7552258.85,0.0,7552258.85
El Salvador,1960,6770620.11,568732.09,7339352.2
El Salvador,1961,20046345.81,1456701.13,21503046.94
El Salvador,1962,105844705.88,6780676.47,112625382.35
El Salvador,1963,146459534.88,9598330.23,156057865.12
El Salvador,1964,96191389.21,7940631.46,104132020.67
El Salvador,1965,119948871.33,3344606.09,123293477.43
El Salvador,1966,41628839.78,5138365.75,46767205.52
El Salvador,1967,27135120.64,1989908.85,29125029.49
El Salvador,1968,54773264.25,2744490.16,57517754.4
El Salvador,1969,72446977.21,2095389.49,74542366.7
El Salvador,1970,66650799.62,3052183.44,69702983.07
El Salvador,1971,23659892.57,2179730.53,25839623.1
El Salvador,1972,40370256.41,1706123.93,42076380.34
El Salvador,1973,16118345.62,2334857.49,18453203.11
El Salvador,1974,43849082.57,4866388.38,48715470.95
El Salvador,1975,15197297.3,20859264.73,36056562.02
El Salvador,1976,26459072.54,4058598.24,30517670.77
El Salvador,1977,22909902.72,1950212.69,24860115.41
El Salvador,1978,34858461.93,9549.39,34868011.32
El Salvador,1979,33552432.16,11782.08,33564214.25
El Salvador,1980,157812454.83,16103643.46,173916098.29
El Salvador,1981,281051329.24,87705972.8,368757302.04
El Salvador,1982,420135891.3,153968257.18,574104148.48
El Salvador,1983,542581379.84,113772659.46,656354039.3
El Salvador,1984,460710493.27,47130362.36,507840855.63
El Salvador,1985,895971937.58,281257360.38,1177229297.96
El Salvador,1986,651490533.67,2916003.59,654406537.26
El Salvador,1987,914169050.93,2664357.92,916833408.85
El Salvador,1988,601232435.18,155900018.71,757132453.9
El Salvador,1989,565047142.58,2629460.43,567676603.01
El Salvador,1990,437978485.49,143794477.92,581772963.41
El Salvador,1991,390566420.65,114587251.29,505153671.95
El Salvador,1992,457797756.49,37771854.98,495569611.47
El Salvador,1993,351121818.51,18449448.32,369571266.83
El Salvador,1994,91124378.98,682094.35,91806473.33
El Salvador,1995,99089338.34,632212.01,99721550.35
El Salvador,1996,120531842.22,821604.53,121353446.76
El Salvador,1997,47686951.13,937040.92,48623992.05
El Salvador,1998,62987078.47,1166925.26,64154003.73
El Salvador,1999,88499884.21,2592627.5,91092511.72
El Salvador,2000,49105325.95,1278872.05,50384198.0
El Salvador,2001,180301589.8,12625604.18,192927193.97
El Salvador,2002,173936643.64,4025108.65,177961752.29
El Salvador,2003,117642248.03,6290135.59,123932383.63
El Salvador,2004,82006791.67,17132266.49,99139058.17
El Salvador,2005,42600759.93,12715618.4,55316378.34
El Salvador,2006,58198866.65,22209443.47,80408310.12
El Salvador,2007,617249650.87,12390073.59,629639724.46
El Salvador,2008,76278438.04,9867527.3,86145965.35
El Salvador,2009,44026465.35,14379319.5,58405784.85
El Salvador,2010,65191152.18,7420583.45,72611735.63
El Salvador,2011,87297873.78,11976877.7,99274751.48
El Salvador,2012,60230671.71,11201598.54,71432270.25
El Salvador,2013,66835430.37,10427462.58,77262892.95
El Salvador,2014,85953385.9,5201828.63,91155214.53
El Salvador,2015,345629954.26,10059137.65,355689091.91
El Salvador,2016,68502908.55,10830175.09,79333083.64
El Salvador,2017,113389488.85,10632900.12,124022388.97
El Salvador,2018,90208483.83,6921609.17,97130093.0
El Salvador,2019,76180346.47,9314622.45,85494968.92
Guatemala,1946,8609377.99,0.0,8609377.99
Guatemala,1947,9703192.41,0.0,9703192.41
Guatemala,1948,15065563.44,0.0,15065563.44
Guatemala,1949,24857774.39,0.0,24857774.39
Guatemala,1950,14774497.68,0.0,14774497.68
Guatemala,1951,5775641.97,0.0,5775641.97
Guatemala,1952,8723977.43,0.0,8723977.43
Guatemala,1953,1557617.73,0.0,1557617.73
Guatemala,1954,1547190.97,0.0,1547190.97
Guatemala,1955,77163451.09,0.0,77163451.09
Guatemala,1956,247263046.36,4431370.86,251694417.22
Guatemala,1957,137163856.96,1335731.8,138499588.76
Guatemala,1958,122011779.29,202190.95,122213970.24
Guatemala,1959,84447985.35,1544780.22,85992765.57
Guatemala,1960,49425526.79,3825400.36,53250927.15
Guatemala,1961,142997266.79,761761.14,143759027.93
Guatemala,1962,63513438.82,24145823.53,87659262.35
Guatemala,1963,86960348.84,18928587.21,105888936.05
Guatemala,1964,60038920.78,17675974.74,77714895.52
Guatemala,1965,83773814.9,9964006.77,93737821.67
Guatemala,1966,55919337.02,9071359.12,64990696.13
Guatemala,1967,85029408.04,13061038.07,98090446.11
Guatemala,1968,96144559.59,6584445.6,102729005.18
Guatemala,1969,47926461.84,13519720.52,61446182.36
Guatemala,1970,170329821.26,7289269.99,177619091.25
Guatemala,1971,84068128.92,33637319.61,117705448.52
Guatemala,1972,79779316.24,10361699.15,90141015.38
Guatemala,1973,55262899.26,17587417.69,72850316.95
Guatemala,1974,20213567.28,10433502.29,30647069.57
Guatemala,1975,54947971.59,11105717.26,66053688.84
Guatemala,1976,174035371.01,7708903.39,181744274.4
Guatemala,1977,70489656.19,1685201.21,72174857.4
Guatemala,1978,33954452.87,3183.13,33957636.0
Guatemala,1979,72878085.91,5891.04,72883976.95
Guatemala,1980,35209110.09,0.0,35209110.09
Guatemala,1981,47213959.2,0.0,47213959.2
Guatemala,1982,35640778.92,0.0,35640778.92
Guatemala,1983,65491541.76,0.0,65491541.76
Guatemala,1984,43153404.67,0.0,43153404.67
Guatemala,1985,220722621.99,933209.47,221655831.47
Guatemala,1986,235491522.72,720923.33,236212446.04
Guatemala,1987,370821740.78,969755.18,371791495.96
Guatemala,1988,253869170.81,18087731.2,271956902.01
Guatemala,1989,272305451.28,742868.54,273048319.82
Guatemala,1990,204758795.58,5880203.47,210638999.05
Guatemala,1991,161172684.43,683392.32,161856076.76
Guatemala,1992,106666388.32,350915.3,107017303.63
Guatemala,1993,111591243.23,249802.26,111841045.5
Guatemala,1994,107445239.54,223705.6,107668945.14
Guatemala,1995,57753341.73,0.0,57753341.73
Guatemala,1996,56798786.84,0.0,56798786.84
Guatemala,1997,94642442.98,1430458.61,96072901.59
Guatemala,1998,125157176.63,2451586.27,127608762.9
Guatemala,1999,163481874.84,3391604.08,166873478.92
Guatemala,2000,101632384.36,1937772.31,103570156.67
Guatemala,2001,108024003.21,2039605.21,110063608.42
Guatemala,2002,123543227.94,1530520.71,125073748.65
Guatemala,2003,127936321.07,1567637.94,129503959.01
Guatemala,2004,88105075.93,1805635.85,89910711.78
Guatemala,2005,73755982.12,1425749.2,75181731.32
Guatemala,2006,126591005.01,2332966.76,128923971.77
Guatemala,2007,94917591.12,2837059.09,97754650.21
Guatemala,2008,122128987.79,3540385.32,125669373.12
Guatemala,2009,151360725.14,3808786.79,155169511.93
Guatemala,2010,168639433.73,10706023.7,179345457.43
Guatemala,2011,146195644.14,23063923.39,169259567.52
Guatemala,2012,143617513.2,15163983.82,158781497.02
Guatemala,2013,120559877.0,11048793.04,131608670.05
Guatemala,2014,158437000.33,16733382.77,175170383.11
Guatemala,2015,122329489.32,25257555.27,147587044.59
Guatemala,2016,279576243.9,34615119.92,314191363.82
Guatemala,2017,233933666.78,34742929.88,268676596.65
Guatemala,2018,221866078.22,24378774.18,246244852.4
Guatemala,2019,152681818.16,4795593.22,157477411.38
Haiti,1946,3228516.75,0.0,3228516.75
Haiti,1947,2910957.72,0.0,2910957.72
Haiti,1948,7089676.91,0.0,7089676.91
Haiti,1949,3428658.54,0.0,3428658.54
Haiti,1950,4345440.49,0.0,4345440.49
Haiti,1951,4950550.26,0.0,4950550.26
Haiti,1952,6344710.86,0.0,6344710.86
Haiti,1953,4672853.19,0.0,4672853.19
Haiti,1954,8467214.24,0.0,8467214.24
Haiti,1955,42019701.09,779274.46,42798975.54
Haiti,1956,52133774.83,8132868.87,60266643.71
Haiti,1957,22262196.68,1938965.52,24201162.2
Haiti,1958,28585616.86,1234062.0,29819678.86
Haiti,1959,87194261.29,954330.89,88148592.19
Haiti,1960,81924503.31,11320476.82,93244980.13
Haiti,1961,98895306.0,2960177.06,101855483.07
Haiti,1962,51599294.12,1746437.65,53345731.76
Haiti,1963,37922558.14,6538.37,37929096.51
Haiti,1964,23886452.35,0.0,23886452.35
Haiti,1965,15866252.82,0.0,15866252.82
Haiti,1966,20503756.91,0.0,20503756.91
Haiti,1967,16281072.39,0.0,16281072.39
Haiti,1968,19811606.22,0.0,19811606.22
Haiti,1969,18390386.52,0.0,18390386.52
Haiti,1970,19577349.95,0.0,19577349.95
Haiti,1971,21646284.69,0.0,21646284.69
Haiti,1972,23549316.24,0.0,23549316.24
Haiti,1973,34539312.04,0.0,34539312.04
Haiti,1974,49007798.17,0.0,49007798.17
Haiti,1975,36239708.94,54554.4,36294263.34
Haiti,1976,127330735.28,367838.39,127698573.67
Haiti,1977,138278233.84,2014766.77,140293000.6
Haiti,1978,87663413.53,2005372.2,89668785.73
Haiti,1979,72936996.33,1098679.41,74035675.75
Haiti,1980,73300837.39,314270.3,73615107.68
Haiti,1981,85145466.55,1011375.3,86156841.85
Haiti,1982,79079491.8,1180876.13,80260367.92
Haiti,1983,102027230.1,1412103.36,103439333.46
Haiti,1984,99330065.64,1491359.13,100821424.78
Haiti,1985,114615466.13,1420460.44,116035926.57
Haiti,1986,157038101.99,468499.19,157506601.19
Haiti,1987,199660938.88,501665.61,200162604.5
Haiti,1988,77013480.44,0.0,77013480.44
Haiti,1989,116768269.78,183878.35,116952148.14
Haiti,1990,107450740.69,883360.88,108334101.58
Haiti,1991,139740884.56,2858600.97,142599485.53
Haiti,1992,106893480.65,0.0,106893480.65
Haiti,1993,108526406.19,0.0,108526406.19
Haiti,1994,142262698.95,0.0,142262698.95
Haiti,1995,231609153.03,14522171.95,246131324.98
Haiti,1996,133772595.14,1030461.01,134803056.15
Haiti,1997,143713077.58,754461.29,144467538.87
Haiti,1998,147779426.2,1400906.44,149180332.64
Haiti,1999,142373407.7,676849.4,143050257.11
Haiti,2000,120169670.14,1647971.54,121817641.68
Haiti,2001,112389662.17,4120058.87,116509721.04
Haiti,2002,84108254.18,903894.48,85012148.65
Haiti,2003,111972268.55,793755.21,112766023.76
Haiti,2004,170318400.55,892180.89,171210581.44
Haiti,2005,300162718.82,694165.67,300856884.49
Haiti,2006,224380010.09,1632826.68,226012836.77
Haiti,2007,227744299.84,1574926.84,229319226.68
Haiti,2008,342268359.86,1498910.19,343767270.05
Haiti,2009,455253382.78,3696798.32,458950181.1
Haiti,2010,1594679969.0,2106141.34,1596786110.35
Haiti,2011,670161726.64,2208176.28,672369902.92
Haiti,2012,535317480.54,246568.55,535564049.09
Haiti,2013,396343254.32,1909446.9,398252701.22
Haiti,2014,379445698.56,1995135.74,381440834.3
Haiti,2015,534502297.79,1148163.05,535650460.84
Haiti,2016,393179804.62,1535137.92,394714942.54
Haiti,2017,319391845.14,1858498.25,321250343.39
Haiti,2018,251701781.77,5334396.16,257036177.93
Haiti,2019,257449379.91,432573.0,257881952.91
Honduras,1946,3228516.75,0.0,3228516.75
Honduras,1947,5821915.44,0.0,5821915.44
Honduras,1948,2658628.84,0.0,2658628.84
Honduras,1949,1714329.27,0.0,1714329.27
Honduras,1950,869088.1,0.0,869088.1
Honduras,1951,1650183.42,0.0,1650183.42
Honduras,1952,6352641.75,0.0,6352641.75
Honduras,1953,5459450.14,0.0,5459450.14
Honduras,1954,8482609.17,3817943.87,12300553.05
Honduras,1955,14515896.74,733434.78,15249331.52
Honduras,1956,20108741.72,290459.6,20399201.32
Honduras,1957,47396934.87,947938.7,48344873.56
Honduras,1958,55776813.39,383465.59,56160278.98
Honduras,1959,29522466.42,432538.46,29955004.88
Honduras,1960,29113666.47,2362946.42,31476612.88
Honduras,1961,36751633.99,968906.71,37720540.7
Honduras,1962,21830470.59,9889864.71,31720335.29
Honduras,1963,87614186.05,5623000.0,93237186.05
Honduras,1964,76178415.61,2621053.96,78799469.58
Honduras,1965,26020654.63,5477030.47,31497685.1
Honduras,1966,86985635.36,8450033.15,95435668.51
Honduras,1967,62109276.14,5414964.08,67524240.21
Honduras,1968,83325284.97,5710404.15,89035689.12
Honduras,1969,23963230.92,4647752.23,28610983.15
Honduras,1970,38086171.21,2327488.24,40413659.45
Honduras,1971,36244941.81,4309120.86,40554062.67
Honduras,1972,27394102.56,3008545.3,30402647.86
Honduras,1973,35460360.36,2703276.82,38163637.18
Honduras,1974,116071100.92,2854489.3,118925590.21
Honduras,1975,138724047.12,16237727.65,154961774.77
Honduras,1976,88633967.64,13180718.09,101814685.74
Honduras,1977,41518465.26,10729567.37,52248032.63
Honduras,1978,54406066.23,10179651.29,64585717.52
Honduras,1979,85773577.79,6615640.65,92389218.44
Honduras,1980,143727185.26,10747502.29,154474687.55
Honduras,1981,89861928.93,22045514.81,111907443.74
Honduras,1982,186144825.27,47336526.66,233481351.93
Honduras,1983,234077678.13,21616893.69,255694571.82
Honduras,1984,202743767.03,1941540.5,204685307.53
Honduras,1985,472761441.53,139106020.93,611867462.46
Honduras,1986,275939965.88,36734779.31,312674745.2
Honduras,1987,390684933.97,7289951.88,397974885.84
Honduras,1988,300412457.98,78641644.1,379054102.08
Honduras,1989,162500654.68,2083341.73,164583996.4
Honduras,1990,341926293.06,37463015.77,379389308.83
Honduras,1991,212421970.45,57156604.63,269578575.08
Honduras,1992,134761837.33,10363698.66,145125535.99
Honduras,1993,75534000.64,2761066.07,78295066.7
Honduras,1994,56364542.94,870991.35,57235534.29
Honduras,1995,35520494.13,508479.41,36028973.54
Honduras,1996,31801777.58,767854.7,32569632.28
Honduras,1997,43501483.56,1084915.34,44586398.9
Honduras,1998,31999981.82,2890344.21,34890326.02
Honduras,1999,186209091.78,3008182.14,189217273.92
Honduras,2000,58916375.27,1309149.74,60225525.02
Honduras,2001,71867128.95,1748031.81,73615160.76
Honduras,2002,41085889.73,2300500.17,43386389.9
Honduras,2003,119710787.05,2610406.27,122321193.32
Honduras,2004,79033088.75,6318395.84,85351484.58
Honduras,2005,370943819.97,4397242.77,375341062.74
Honduras,2006,97666903.84,3430686.38,101097590.22
Honduras,2007,71672347.31,4449716.02,76122063.33
Honduras,2008,79026865.02,6693224.26,85720089.28
Honduras,2009,46558127.74,4877981.97,51436109.71
Honduras,2010,40980262.4,5432488.88,46412751.28
Honduras,2011,95869375.55,12001479.33,107870854.88
Honduras,2012,66069444.11,11591905.48,77661349.59
Honduras,2013,104087689.82,9431089.34,113518779.15
Honduras,2014,91961258.37,12307454.47,104268712.84
Honduras,2015,119266158.4,23836972.57,143103130.97
Honduras,2016,116442889.4,18898935.06,135341824.46
Honduras,2017,171553649.18,21128487.43,192682136.61
Honduras,2018,118974103.97,10253178.9,129227282.87
Honduras,2019,63599501.97,7172197.28,70771699.25
Mexico,1946,12914066.99,0.0,12914066.99
Mexico,1947,109646074.2,0.0,109646074.2
Mexico,1948,266749093.77,0.0,266749093.77
Mexico,1949,152575304.88,0.0,152575304.88
Mexico,1950,173817619.78,0.0,173817619.78
Mexico,1951,67657520.18,0.0,67657520.18
Mexico,1952,42033709.45,0.0,42033709.45
Mexico,1953,12460941.83,0.0,12460941.83
Mexico,1954,47724298.43,0.0,47724298.43
Mexico,1955,16807880.43,0.0,16807880.43
Mexico,1956,8192450.33,0.0,8192450.33
Mexico,1957,10772030.65,0.0,10772030.65
Mexico,1958,134561562.31,6972.1,134568534.41
Mexico,1959,13044810.74,3432844.93,16477655.68
Mexico,1960,13541240.22,18754617.7,32295857.92
Mexico,1961,29401307.19,4470335.12,33871642.31
Mexico,1962,240796705.88,4782857.65,245579563.53
Mexico,1963,151690232.56,3269186.05,154959418.6
Mexico,1964,338929391.5,1626861.08,340556252.58
Mexico,1965,231012641.08,1167756.21,232180397.29
Mexico,1966,1863977.9,1559528.18,3423506.08
Mexico,1967,1809008.04,500492.23,2309500.27
Mexico,1968,1165388.6,629309.84,1794698.45
Mexico,1969,1114568.88,8286819.62,9401388.5
Mexico,1970,5289746.0,470787.39,5760533.4
Mexico,1971,0.0,22552408.24,22552408.24
Mexico,1972,2402991.45,9640801.71,12043793.16
Mexico,1973,4605.24,50657.66,55262.9
Mexico,1974,1719571.87,133266.82,1852838.69
Mexico,1975,389674.29,428641.72,818316.01
Mexico,1976,2189347.95,367838.39,2557186.33
Mexico,1977,53576487.61,400914.8,53977402.42
Mexico,1978,65298738.75,366060.01,65664798.75
Mexico,1979,39567186.49,509575.17,40076761.66
Mexico,1980,20175611.18,327816.43,20503427.61
Mexico,1981,24334676.46,249143.67,24583820.14
Mexico,1982,20086426.17,189124.69,20275550.86
Mexico,1983,18215912.36,134801.73,18350714.09
Mexico,1984,17864306.2,341369.76,18205675.96
Mexico,1985,23026737.29,441829.26,23468566.55
Mexico,1986,24057029.63,379645.9,24436675.53
Mexico,1987,34508273.97,507590.8,35015864.77
Mexico,1988,35027520.93,329076.56,35356597.48
Mexico,1989,128383865.27,450501.96,128834367.23
Mexico,1990,74031151.49,20398895.9,94430047.39
Mexico,1991,98941163.87,1508943.95,100450107.83
Mexico,1992,72137254.78,28925447.25,101062702.03
Mexico,1993,55580024.3,1177172.76,56757197.07
Mexico,1994,21419315.68,321177.32,21740493.0
Mexico,1995,17653909.16,625820.81,18279729.97
Mexico,1996,39383593.36,3646448.31,43030041.67
Mexico,1997,17633949.81,71157771.1,88791720.91
Mexico,1998,38517262.37,35498075.01,74015337.37
Mexico,1999,29374809.5,31979662.96,61354472.46
Mexico,2000,35435812.95,27810781.28,63246594.23
Mexico,2001,45102084.89,32091103.31,77193188.19
Mexico,2002,97018355.28,26684295.86,123702651.14
Mexico,2003,67332457.5,20309513.56,87641971.06
Mexico,2004,114227947.02,14586027.43,128813974.45
Mexico,2005,120444991.07,14054919.46,134499910.53
Mexico,2006,212222560.36,18971295.61,231193855.97
Mexico,2007,94021409.42,18944154.76,112965564.18
Mexico,2008,100017608.98,14939018.98,114956627.96
Mexico,2009,509875977.97,80208499.58,590084477.55
Mexico,2010,727097874.43,112188843.07,839286717.5
Mexico,2011,381853800.27,107920672.54,489774472.81
Mexico,2012,137579361.12,103864097.41,241443458.53
Mexico,2013,383514770.02,79316846.48,462831616.5
Mexico,2014,304515780.43,55491572.26,360007352.69
Mexico,2015,564679627.53,59265498.28,623945125.81
Mexico,2016,81823676.99,10314449.59,92138126.59
Mexico,2017,255470763.22,53436619.34,308907382.56
Mexico,2018,205676133.82,34862964.18,240539098.0
Mexico,2019,243442604.72,200522387.9,443964992.62
Nicaragua,1946,18294928.23,0.0,18294928.23
Nicaragua,1947,16495427.09,0.0,16495427.09
Nicaragua,1948,4439910.17,0.0,4439910.17
Nicaragua,1949,3437230.18,0.0,3437230.18
Nicaragua,1950,3476352.4,0.0,3476352.4
Nicaragua,1951,5775641.97,0.0,5775641.97
Nicaragua,1952,6344710.86,0.0,6344710.86
Nicaragua,1953,7009279.78,0.0,7009279.78
Nicaragua,1954,9236960.99,3571624.91,12808585.9
Nicaragua,1955,27503804.35,763994.57,28267798.91
Nicaragua,1956,19363973.51,960750.99,20324724.5
Nicaragua,1957,30161685.82,1788157.09,31949842.91
Nicaragua,1958,25099566.03,1903383.76,27002949.78
Nicaragua,1959,27462759.46,796420.02,28259179.49
Nicaragua,1960,24374232.39,2261387.12,26635619.51
Nicaragua,1961,66152941.18,3361103.98,69514045.16
Nicaragua,1962,90629529.41,12674903.53,103304432.94
Nicaragua,1963,49037790.7,7944122.09,56981912.79
Nicaragua,1964,37443628.01,8431272.1,45874900.11
Nicaragua,1965,150412076.75,8808943.57,159221020.32
Nicaragua,1966,108732044.2,7990251.93,116722296.13
Nicaragua,1967,73566327.08,6705389.81,80271716.89
Nicaragua,1968,149752435.23,6596099.48,156348534.72
Nicaragua,1969,13374826.56,4541868.19,17916694.75
Nicaragua,1970,16398212.61,6427041.39,22825254.0
Nicaragua,1971,66449059.98,8140009.85,74589069.83
Nicaragua,1972,22588119.66,4868460.68,27456580.34
Nicaragua,1973,123420475.02,13631515.15,137051990.17
Nicaragua,1974,66633409.79,8451695.72,75085105.5
Nicaragua,1975,164446446.99,16674162.86,181120609.84
Nicaragua,1976,73450482.61,13778448.17,87228930.78
Nicaragua,1977,10916434.44,10913036.86,21829471.3
Nicaragua,1978,44490614.77,1270069.06,45760683.84
Nicaragua,1979,54518652.17,32400.73,54551052.91
Nicaragua,1980,104819980.73,0.0,104819980.73
Nicaragua,1981,147811266.94,0.0,147811266.94
Nicaragua,1982,14419604.59,0.0,14419604.59
Nicaragua,1983,8839.46,0.0,8839.46
Nicaragua,1984,221890.34,0.0,221890.34
Nicaragua,1988,725116.37,0.0,725116.37
Nicaragua,1989,7202515.04,0.0,7202515.04
Nicaragua,1990,398303994.82,0.0,398303994.82
Nicaragua,1991,375696437.4,0.0,375696437.4
Nicaragua,1992,127947062.11,0.0,127947062.11
Nicaragua,1993,219716146.98,0.0,219716146.98
Nicaragua,1994,129016641.47,0.0,129016641.47
Nicaragua,1995,42665707.82,0.0,42665707.82
Nicaragua,1996,36321269.01,0.0,36321269.01
Nicaragua,1997,40350646.49,86008.59,40436655.08
Nicaragua,1998,84191751.27,113264.78,84305016.04
Nicaragua,1999,115822362.28,2133547.04,117955909.31
Nicaragua,2000,48854991.43,302776.92,49157768.35
Nicaragua,2001,92647179.7,474687.12,93121866.82
Nicaragua,2002,71534793.29,1473680.72,73008474.01
Nicaragua,2003,73109314.46,2452613.73,75561928.19
Nicaragua,2004,56953347.12,2603413.1,59556760.22
Nicaragua,2005,113185539.95,1619289.81,114804829.76
Nicaragua,2006,322229939.76,2312962.76,324542902.52
Nicaragua,2007,83140280.19,5658295.89,88798576.08
Nicaragua,2008,80303881.19,5129921.75,85433802.94
Nicaragua,2009,45084367.17,7557453.46,52641820.63
Nicaragua,2011,72622914.94,4754339.89,77377254.83
Nicaragua,2012,32403821.23,6121611.65,38525432.88
Nicaragua,2013,48714908.34,638274.55,49353182.89
Nicaragua,2014,61642678.98,2687989.02,64330667.99
Nicaragua,2015,42169228.4,8010365.14,50179593.54
Nicaragua,2016,30832792.8,2519282.36,33352075.16
Nicaragua,2017,42237393.24,3221189.87,45458583.11
Nicaragua,2018,30914113.56,74416.06,30988529.62
Nicaragua,2019,44235524.74,205941.46,44441466.2
Panama,1946,2152344.5,0.0,2152344.5
Panama,1947,1940638.48,0.0,1940638.48
Panama,1948,1772419.23,0.0,1772419.23
Panama,1949,2571493.9,0.0,2571493.9
Panama,1950,1746867.08,0.0,1746867.08
Panama,1951,3308617.75,0.0,3308617.75
Panama,1952,11896332.86,0.0,11896332.86
Panama,1953,11682132.96,0.0,11682132.96
Panama,1954,12315947.98,0.0,12315947.98
Panama,1955,22155842.39,0.0,22155842.39
Panama,1956,72987284.77,0.0,72987284.77
Panama,1957,99102681.99,0.0,99102681.99
Panama,1958,38346559.21,0.0,38346559.21
Panama,1959,13731379.73,0.0,13731379.73
Panama,1960,11510054.18,0.0,11510054.18
Panama,1961,107582055.85,567979.8,108150035.65
Panama,1962,154136352.94,4306556.47,158442909.41
Panama,1963,64729883.72,2510734.88,67240618.6
Panama,1964,113622043.63,1504200.92,115126244.55
Panama,1965,131372573.36,1535853.27,132908426.64
Panama,1966,89477152.49,3429719.34,92906871.82
Panama,1967,220102008.58,2858232.71,222960241.29
Panama,1968,121206241.45,1258619.69,122464861.14
Panama,1969,96967492.57,1577114.97,98544607.53
Panama,1970,71411571.03,5406120.41,76817691.44
Panama,1971,85074932.86,7858104.74,92933037.6
Panama,1972,162442222.22,3368994.02,165811216.24
Panama,1973,71385850.12,3518404.59,74904254.71
Panama,1974,119944436.54,3963613.15,123908049.69
Panama,1975,82614846.15,2170485.79,84785331.95
Panama,1976,113684154.09,3574351.64,117258505.73
Panama,1977,55237905.74,10617447.13,65855352.87
Panama,1978,73679921.31,1438774.98,75118696.29
Panama,1979,62427376.64,4109002.1,66536378.73
Panama,1980,5735432.91,739618.89,6475051.79
Panama,1981,25925742.49,809100.24,26734842.73
Panama,1982,30098502.87,12362296.96,42460799.84
Panama,1983,16090022.79,12079118.88,28169141.68
Panama,1984,25769149.69,11634308.1,37403457.79
Panama,1985,153680192.77,21825126.86,175505319.63
Panama,1986,67290215.84,8762146.53,76052362.36
Panama,1987,24018722.51,1098134.18,25116856.69
Panama,1988,2349453.56,0.0,2349453.56
Panama,1989,1693519.62,0.0,1693519.62
Panama,1990,705560422.41,0.0,705560422.41
Panama,1991,70057133.41,0.0,70057133.41
Panama,1992,37595060.51,0.0,37595060.51
Panama,1993,17055128.81,0.0,17055128.81
Panama,1994,11271246.77,0.0,11271246.77
Panama,1995,9205824.15,320698.75,9526522.9
Panama,1996,12521867.38,0.0,12521867.38
Panama,1997,7962584.46,3853788.27,11816372.74
Panama,1998,9049819.84,4236996.82,13286816.66
Panama,1999,12644650.44,5305910.77,17950561.21
Panama,2000,16934506.51,2440958.72,19375465.23
Panama,2001,13964868.09,10460019.54,24424887.63
Panama,2002,18136342.16,2213160.67,20349502.83
Panama,2003,28339749.54,5138305.57,33478055.11
Panama,2004,24429879.09,5664617.38,30094496.47
Panama,2005,22643418.65,3688884.12,26332302.78
Panama,2006,35367772.87,7271344.15,42639117.02
Panama,2007,30496844.83,5038792.21,35535637.04
Panama,2008,15091947.25,5178812.22,20270759.47
Panama,2009,25797498.09,6221843.61,32019341.7
Panama,2010,33128154.42,9149208.9,42277363.32
Panama,2011,22886395.27,12690123.22,35576518.49
Panama,2012,16284887.48,8336041.27,24620928.75
Panama,2013,10099058.38,4820663.49,14919721.88
Panama,2014,9487232.79,4972064.62,14459297.41
Panama,2015,12666366.05,9109731.26,21776097.31
Panama,2016,13307685.53,14897798.88,28205484.41
Panama,2017,10922891.73,16682757.37,27605649.1
Panama,2018,11043544.83,9322140.59,20365685.42
Panama,2019,12685815.13,13358246.8,26044061.93
Paraguay,1946,4304689.0,0.0,4304689.0
Paraguay,1947,3881276.96,0.0,3881276.96
Paraguay,1948,3544838.46,0.0,3544838.46
Paraguay,1949,3428658.54,0.0,3428658.54
Paraguay,1950,4345440.49,0.0,4345440.49
Paraguay,1951,5775641.97,0.0,5775641.97
Paraguay,1952,12689421.72,0.0,12689421.72
Paraguay,1953,6230470.91,0.0,6230470.91
Paraguay,1954,9236960.99,0.0,9236960.99
Paraguay,1955,15279891.3,0.0,15279891.3
Paraguay,1956,29790728.48,0.0,29790728.48
Paraguay,1957,19389655.17,0.0,19389655.17
Paraguay,1958,36952138.87,0.0,36952138.87
Paraguay,1959,39134432.23,2183289.38,41317721.61
Paraguay,1960,19634798.31,494255.27,20129053.58
Paraguay,1961,72835056.45,2879991.68,75715048.13
Paraguay,1962,52922352.94,5861150.59,58783503.53
Paraguay,1963,58845348.84,9232181.4,68077530.23
Paraguay,1964,52298419.06,8005189.44,60303608.5
Paraguay,1965,55861902.93,18157339.73,74019242.66
Paraguay,1966,91956243.09,12171775.69,104128018.78
Paraguay,1967,30150134.05,5788825.74,35938959.79
Paraguay,1968,36709740.93,7802276.68,44512017.62
Paraguay,1969,75233399.41,6453353.82,81686753.22
Paraguay,1970,42846942.62,6252479.77,49099422.39
Paraguay,1971,63428648.16,20473358.1,83902006.27
Paraguay,1972,23549316.24,12846392.31,36395708.55
Paraguay,1973,33618263.72,8980221.13,42598484.85
Paraguay,1974,24938090.98,10128278.29,35066369.27
Paraguay,1975,31177839.92,4017541.93,35195381.84
Paraguay,1976,24641206.0,12363238.35,37004444.35
Paraguay,1977,10892651.36,2160862.84,13053514.2
Paraguay,1978,11204619.3,1970357.77,13174977.07
Paraguay,1979,30229884.23,26509.69,30256393.92
Paraguay,1980,9967245.0,8127.68,9975372.68
Paraguay,1981,15086759.38,0.0,15086759.38
Paraguay,1982,8805830.19,20757.59,8826587.78
Paraguay,1983,7089245.04,121542.54,7210787.58
Paraguay,1984,5720077.03,160017.07,5880094.1
Paraguay,1985,7147723.88,194074.54,7341798.42
Paraguay,1986,6611492.91,171648.41,6783141.32
Paraguay,1987,6199717.95,207381.45,6407099.4
Paraguay,1988,8510072.81,225761.82,8735834.64
Paraguay,1989,9346536.63,376950.62,9723487.25
Paraguay,1990,6851918.18,376049.21,7227967.39
Paraguay,1991,7987494.62,205531.53,8193026.15
Paraguay,1992,9533867.52,830499.55,10364367.07
Paraguay,1993,10556377.58,666123.05,11222500.63
Paraguay,1994,10506493.21,142212.84,10648706.05
Paraguay,1995,7845134.81,210084.92,8055219.73
Paraguay,1996,8652524.66,243816.9,8896341.57
Paraguay,1997,9491123.04,1854465.85,11345588.89
Paraguay,1998,15918900.78,1096879.94,17015780.72
Paraguay,1999,14468450.59,747477.17,15215927.76
Paraguay,2000,13061091.42,559416.41,13620507.83
Paraguay,2001,20561519.23,1602949.4,22164468.63
Paraguay,2002,19330889.78,981529.59,20312419.37
Paraguay,2003,17968419.87,1136853.51,19105273.38
Paraguay,2004,24386031.14,452073.78,24838104.91
Paraguay,2005,16681690.86,629652.13,17311342.99
Paraguay,2006,43513875.75,1519053.92,45032929.67
Paraguay,2007,21877137.97,2024036.58,23901174.55
Paraguay,2008,31062656.8,3041941.05,34104597.85
Paraguay,2009,45524364.85,1958029.98,47482394.83
Paraguay,2010,56955755.2,3043502.81,59999258.0
Paraguay,2011,26954487.3,1444645.76,28399133.05
Paraguay,2012,25178357.56,1241071.45,26419429.0
Paraguay,2013,15750149.09,898919.15,16649068.24
Paraguay,2014,20949256.07,792331.62,21741587.69
Paraguay,2015,20190916.71,546172.16,20737088.87
Paraguay,2016,22728452.62,598295.06,23326747.68
Paraguay,2017,15384752.52,600110.39,15984862.91
Paraguay,2018,16576116.84,1308383.3,17884500.14
Paraguay,2019,37319067.32,1938435.78,39257503.1
Peru,1946,6457033.49,0.0,6457033.49
Peru,1947,54337877.48,0.0,54337877.48
Peru,1948,11520724.98,0.0,11520724.98
Peru,1949,7714481.71,0.0,7714481.71
Peru,1950,7821792.89,0.0,7821792.89
Peru,1951,10726192.22,0.0,10726192.22
Peru,1952,14283530.32,29344287.73,43627818.05
Peru,1953,13239750.69,42787759.0,56027509.7
Peru,1954,20013415.47,17696477.75,37709893.22
Peru,1955,66467527.17,34310995.92,100778523.1
Peru,1956,84903576.16,60318777.48,145222353.64
Peru,1957,113465389.53,90779492.98,204244882.5
Peru,1958,73207067.58,73709058.9,146916126.47
Peru,1959,26089621.49,55014772.89,81104394.38
Peru,1960,78539193.26,17122898.25,95662091.51
Peru,1961,235878669.04,129759996.43,365638665.48
Peru,1962,394271529.41,138021496.47,532293025.88
Peru,1963,83037325.58,107647758.14,190685083.72
Peru,1964,353132146.96,61220331.8,414352478.76
Peru,1965,146604176.07,76748238.15,223352414.22
Peru,1966,245423756.91,62704216.57,308127973.48
Peru,1967,164619731.9,31042578.02,195662309.92
Peru,1968,80411813.47,8746241.45,89158054.92
Peru,1969,73004261.65,3026054.51,76030316.15
Peru,1970,89396707.43,2935809.03,92332516.46
Peru,1971,76517099.37,2547213.97,79064313.34
Peru,1972,212424444.44,4435922.22,216860366.67
Peru,1973,41447174.45,3324984.44,44772158.89
Peru,1974,74371483.18,68533536.7,142905019.88
Peru,1975,62741457.38,83000623.7,145742081.08
Peru,1976,86137124.83,148333977.72,234471102.54
Peru,1977,77488677.34,37325847.73,114814525.08
Peru,1978,174324140.96,27944702.52,202268843.48
Peru,1979,208268968.57,15899923.52,224168892.09
Peru,1980,144491187.18,8910646.59,153401833.77
Peru,1981,197748539.15,10552837.9,208301377.06
Peru,1982,125827886.79,11423592.7,137251479.49
Peru,1983,206377027.71,9913451.76,216290479.47
Peru,1984,351284417.0,22797099.22,374081516.22
Peru,1985,163216685.15,17602973.38,180819658.53
Peru,1986,117880051.0,1086433.47,118966484.47
Peru,1987,125756113.8,282433.79,126038547.59
Peru,1988,135399697.18,723203.13,136122900.31
Peru,1989,118564761.28,86422.83,118651184.11
Peru,1990,165782713.88,2016829.97,167799543.85
Peru,1991,298423212.0,10709905.27,309133117.27
Peru,1992,216064568.74,187154.83,216251723.57
Peru,1993,227685025.35,0.0,227685025.35
Peru,1994,214102587.17,0.0,214102587.17
Peru,1995,199924743.35,508479.41,200433222.76
Peru,1996,156958354.94,5135690.23,162094045.16
Peru,1997,192760594.06,64302735.81,257063329.87
Peru,1998,243796577.47,40897526.11,284694103.58
Peru,1999,292805343.81,47487165.67,340292509.47
Peru,2000,278086402.17,16302374.62,294388776.78
Peru,2001,278930234.91,16212607.72,295142842.63
Peru,2002,357146159.82,18439206.11,375585365.93
Peru,2003,292294439.97,14077922.52,306372362.49
Peru,2004,248146037.16,12115577.21,260261614.36
Peru,2005,158671854.81,9367365.76,168039220.58
Peru,2006,351519205.86,14924235.91,366443441.76
Peru,2007,111569884.33,9770875.32,121340759.65
Peru,2008,140852685.68,13163798.95,154016484.63
Peru,2009,118951990.95,11854274.21,130806265.17
Peru,2010,209848797.19,27927995.22,237776792.41
Peru,2011,188582805.94,15014821.77,203597627.71
Peru,2012,114535849.24,7891732.05,122427581.29
Peru,2013,129909750.32,8422553.89,138332304.21
Peru,2014,169907095.65,8674236.98,178581332.63
Peru,2015,314372236.41,9873097.96,324245334.37
Peru,2016,85191902.58,18734523.17,103926425.76
Peru,2017,107961624.11,19792031.76,127753655.87
Peru,2018,121901393.93,9544727.37,131446121.3
Peru,2019,170356638.75,12163859.69,182520498.44
Uruguay,1946,6457033.49,0.0,6457033.49
Uruguay,1947,970319.24,0.0,970319.24
Uruguay,1948,11520724.98,0.0,11520724.98
Uruguay,1949,857164.63,0.0,857164.63
Uruguay,1950,869088.1,0.0,869088.1
Uruguay,1951,1650183.42,0.0,1650183.42
Uruguay,1952,3172355.43,22206488.01,25378843.44
Uruguay,1953,1557617.73,24921883.66,26479501.39
Uruguay,1954,1539493.5,17704175.22,19243668.72
Uruguay,1955,3055978.26,3819972.83,6875951.09
Uruguay,1956,1489536.42,22328150.99,23817687.42
Uruguay,1957,2154406.13,17824120.05,19978526.18
Uruguay,1958,1394420.33,29575655.3,30970075.64
Uruguay,1959,103678782.66,26350517.7,130029300.37
Uruguay,1960,104267549.67,31381824.2,135649373.87
Uruguay,1961,13364230.54,34058741.53,47422972.07
Uruguay,1962,27122705.88,9526023.53,36648729.41
Uruguay,1963,110498488.37,12651750.0,123150238.37
Uruguay,1964,48418484.5,16287978.19,64706462.69
Uruguay,1965,13327652.37,18442932.28,31770584.65
Uruguay,1966,42250165.75,31352108.29,73602274.03
Uruguay,1967,21105093.83,9660102.95,30765196.78
Uruguay,1968,209769948.19,11234346.11,221004294.3
Uruguay,1969,11145688.8,11558079.29,22703768.09
Uruguay,1970,102621072.44,18498241.77,121119314.21
Uruguay,1971,27183706.36,33053373.32,60237079.68
Uruguay,1972,48540427.35,32233727.35,80774154.7
Uruguay,1973,38223505.32,13921645.37,52145150.7
Uruguay,1974,3881933.49,23265807.34,27147740.83
Uruguay,1975,50271880.11,35016131.67,85288011.78
Uruguay,1976,2539459.27,21785391.76,24324851.03
Uruguay,1977,2021561.93,67951.66,2089513.6
Uruguay,1978,732120.01,0.0,732120.01
Uruguay,1979,565540.07,0.0,565540.07
Uruguay,1980,18964.59,0.0,18964.59
Uruguay,1981,182540.91,0.0,182540.91
Uruguay,1982,1953519.69,11531.99,1965051.68
Uruguay,1983,2181136.18,128172.14,2309308.31
Uruguay,1984,1226797.57,209088.98,1435886.55
Uruguay,1985,6193.87,167234.44,173428.31
Uruguay,1986,29008581.43,210016.88,29218598.31
Uruguay,1987,24218203.72,361436.25,24579639.97
Uruguay,1988,95661.79,315683.91,411345.7
Uruguay,1989,393499.67,327303.47,720803.14
Uruguay,1990,4767665.43,361858.68,5129524.1
Uruguay,1991,2952802.92,854668.6,3807471.52
Uruguay,1992,5347508.09,5546132.84,10893640.93
Uruguay,1993,9820657.67,6369907.14,16190564.8
Uruguay,1994,5031778.06,266848.82,5298626.88
Uruguay,1995,3654793.54,280680.63,3935474.18
Uruguay,1996,2443313.67,2201838.72,4645152.39
Uruguay,1997,1262968.2,532649.67,1795617.87
Uruguay,1998,383986.97,1785410.55,2169397.51
Uruguay,1999,170539.56,2436657.86,2607197.42
Uruguay,2000,82947.9,902563.59,985511.49
Uruguay,2001,170216.89,905708.67,1075925.55
Uruguay,2002,157227.73,2369257.15,2526484.88
Uruguay,2003,48911.93,2879575.06,2928486.99
Uruguay,2004,622922.3,207422.09,830344.38
Uruguay,2005,785000.22,290310.92,1075311.14
Uruguay,2006,0.0,301310.28,301310.28
Uruguay,2007,690271.93,331051.08,1021323.02
Uruguay,2008,784680.08,420935.0,1205615.08
Uruguay,2009,1145948.54,657784.91,1803733.44
Uruguay,2010,657235.26,1324227.6,1981462.86
Uruguay,2011,1654720.45,1288590.61,2943311.06
Uruguay,2012,646383.44,794985.36,1441368.8
Uruguay,2013,524672.19,471528.08,996200.27
Uruguay,2014,653155.98,967434.44,1620590.42
Uruguay,2015,1643836.85,749279.21,2393116.06
Uruguay,2016,358676.59,529760.6,888437.18
Uruguay,2017,-60086.46,530380.18,470293.72
Uruguay,2018,179566.89,436133.17,615700.06
Uruguay,2019,786347.83,405445.0,1191792.83
Venezuela,1946,6457033.49,0.0,6457033.49
Venezuela,1947,2910957.72,0.0,2910957.72
Venezuela,1948,886209.61,0.0,886209.61
Venezuela,1949,1714329.27,0.0,1714329.27
Venezuela,1950,869088.1,0.0,869088.1
Venezuela,1951,1650183.42,0.0,1650183.42
Venezuela,1952,793088.86,0.0,793088.86
Venezuela,1953,778808.86,0.0,778808.86
Venezuela,1954,769746.75,0.0,769746.75
Venezuela,1955,1527989.13,0.0,1527989.13
Venezuela,1956,1489536.42,0.0,1489536.42
Venezuela,1957,718135.38,0.0,718135.38
Venezuela,1958,1394420.33,0.0,1394420.33
Venezuela,1959,686568.99,91313675.21,92000244.2
Venezuela,1960,677062.01,56216458.76,56893520.77
Venezuela,1961,101568152.11,66346722.52,167914874.63
Venezuela,1962,357887411.76,121377416.47,479264828.24
Venezuela,1963,301418953.49,95898303.49,397317256.98
Venezuela,1964,90381171.07,84293353.62,174674524.68
Venezuela,1965,180240632.05,74304835.21,254545467.27
Venezuela,1966,57161988.95,74211173.48,131373162.43
Venezuela,1967,36783163.54,5607924.93,42391088.47
Venezuela,1968,29134715.03,5896866.32,35031581.35
Venezuela,1969,17833102.08,4547441.03,22380543.11
Venezuela,1970,14282314.21,4014917.22,18297231.42
Venezuela,1971,12585049.24,41762227.39,54347276.63
Venezuela,1972,33161282.05,46142241.88,79303523.93
Venezuela,1973,7828910.73,47070174.45,54899085.18
Venezuela,1974,11181516.06,35973443.43,47154959.48
Venezuela,1975,6238685.38,2603024.26,8841709.63
Venezuela,1976,2543102.29,39231947.77,41775050.05
Venezuela,1977,268409.06,248023.56,516432.63
Venezuela,1978,0.0,321496.18,321496.18
Venezuela,1979,5891.04,0.0,5891.04
Venezuela,1981,222009.21,19734.15,241743.36
Venezuela,1982,433602.95,53047.17,486650.12
Venezuela,1983,232035.76,92814.31,324850.07
Venezuela,1984,829955.23,96010.24,925965.47
Venezuela,1985,1585630.26,194074.54,1779704.79
Venezuela,1986,214055.67,199919.91,413975.58
Venezuela,1987,23700.74,302184.4,325885.14
Venezuela,1988,516573.66,262113.3,778686.97
Venezuela,1989,1364377.37,211460.1,1575837.48
Venezuela,1990,1869603.15,180929.34,2050532.49
Venezuela,1991,1714475.48,655988.12,2370463.6
Venezuela,1992,2626851.71,1112902.82,3739754.53
Venezuela,1993,3092323.46,368988.97,3461312.43
Venezuela,1994,1253091.7,311589.94,1564681.64
Venezuela,1995,1870420.39,433388.74,2303809.12
Venezuela,1996,2478834.63,12385649.95,14864484.58
Venezuela,1997,3273521.53,14395121.43,17668642.96
Venezuela,1998,6703037.76,16310127.75,23013165.51
Venezuela,1999,6015747.75,12913109.51,18928857.26
Venezuela,2000,12763063.77,9861876.92,22624940.7
Venezuela,2001,6110746.44,10610736.22,16721482.67
Venezuela,2002,12532363.17,9452074.46,21984437.63
Venezuela,2003,13725923.93,8589711.14,22315635.07
Venezuela,2004,15294700.24,1628795.22,16923495.46
Venezuela,2005,11514809.24,996089.03,12510898.28
Venezuela,2006,11820303.85,657631.57,12477935.42
Venezuela,2007,9121408.31,643845.67,9765253.98
Venezuela,2008,22106620.36,643923.23,22750543.6
Venezuela,2009,7036696.41,641281.34,7677977.75
Venezuela,2010,11915161.43,384528.58,12299690.01
Venezuela,2011,4453819.12,378151.62,4831970.74
Venezuela,2012,10107401.71,0.0,10107401.71
Venezuela,2013,6901553.75,0.0,6901553.75
Venezuela,2014,8552978.95,0.0,8552978.95
Venezuela,2015,9877354.66,0.0,9877354.66
Venezuela,2016,9743930.36,0.0,9743930.36
Venezuela,2017,14629349.69,0.0,14629349.69
Venezuela,2018,25499126.33,0.0,25499126.33
Venezuela,2019,72095031.19,0.0,72095031.19
Guyana,1952,7930.89,0.0,7930.89
Guyana,1955,3055978.26,0.0,3055978.26
Guyana,1956,2234304.64,0.0,2234304.64
Guyana,1957,14362.71,0.0,14362.71
Guyana,1958,1394420.33,0.0,1394420.33
Guyana,1959,1373137.97,0.0,1373137.97
Guyana,1960,2708248.04,0.0,2708248.04
Guyana,1961,5345692.22,0.0,5345692.22
Guyana,1962,9922941.18,0.0,9922941.18
Guyana,1963,9807558.14,0.0,9807558.14
Guyana,1964,1936739.38,0.0,1936739.38
Guyana,1965,78061963.88,0.0,78061963.88
Guyana,1966,46599447.51,0.0,46599447.51
Guyana,1967,58491260.05,0.0,58491260.05
Guyana,1968,50117536.79,0.0,50117536.79
Guyana,1969,98082061.45,0.0,98082061.45
Guyana,1970,8468883.35,0.0,8468883.35
Guyana,1971,10068039.39,0.0,10068039.39
Guyana,1972,80264720.51,0.0,80264720.51
Guyana,1973,4605241.61,0.0,4605241.61
Guyana,1974,864084.86,0.0,864084.86
Guyana,1975,5069662.51,0.0,5069662.51
Guyana,1976,7650508.54,0.0,7650508.54
Guyana,1977,21513496.07,0.0,21513496.07
Guyana,1978,85161472.97,0.0,85161472.97
Guyana,1979,25357992.14,0.0,25357992.14
Guyana,1980,13353778.37,0.0,13353778.37
Guyana,1981,3174731.74,0.0,3174731.74
Guyana,1982,4458268.66,32289.58,4490558.24
Guyana,1983,395565.73,55246.61,450812.34
Guyana,1984,32003.41,0.0,32003.41
Guyana,1985,175492.93,0.0,175492.93
Guyana,1986,6544852.94,0.0,6544852.94
Guyana,1987,12881350.9,0.0,12881350.9
Guyana,1988,13446221.16,0.0,13446221.16
Guyana,1989,12871484.63,0.0,12871484.63
Guyana,1990,15497839.43,0.0,15497839.43
Guyana,1991,11504627.17,63372.22,11567999.39
Guyana,1992,13348149.78,128668.95,13476818.72
Guyana,1993,6477552.32,163269.45,6640821.78
Guyana,1994,5315085.22,306796.25,5621881.47
Guyana,1995,4458654.12,151761.55,4610415.67
Guyana,1996,23013219.77,453034.28,23466254.05
Guyana,1997,18805702.13,268588.22,19074290.35
Guyana,1998,27032928.54,418781.61,27451710.15
Guyana,1999,25041395.95,464966.11,25506362.07
Guyana,2000,12183426.19,462816.15,12646242.34
Guyana,2001,23382601.74,766766.9,24149368.64
Guyana,2002,8627856.25,722283.78,9350140.03
Guyana,2003,15614658.66,961219.85,16575878.51
Guyana,2004,27858153.59,611629.23,28469782.82
Guyana,2005,28720078.15,658038.09,29378116.24
Guyana,2006,27136812.56,513852.81,27650665.36
Guyana,2007,27946466.92,527004.11,28473471.03
Guyana,2008,39757023.4,319576.72,40076600.12
Guyana,2009,28127113.11,510431.66,28637544.77
Guyana,2010,19379113.99,2862341.92,22241455.92
Guyana,2011,19239521.39,964859.59,20204380.98
Guyana,2012,13204432.83,927103.37,14131536.2
Guyana,2013,12408568.91,780318.24,13188887.15
Guyana,2014,7618453.73,669878.07,8288331.79
Guyana,2015,6911414.42,787281.05,7698695.47
Guyana,2016,10659793.34,659811.89,11319605.22
Guyana,2017,5305931.07,288979.74,5594910.82
Guyana,2018,4405270.34,352457.92,4757728.25
Guyana,2019,4472888.51,977206.0,5450094.51
Suriname,1954,1539493.5,0.0,1539493.5
Suriname,1955,1527989.13,0.0,1527989.13
Suriname,1956,2234304.64,0.0,2234304.64
Suriname,1957,2872541.51,0.0,2872541.51
Suriname,1958,2788840.67,0.0,2788840.67
Suriname,1959,2746275.95,0.0,2746275.95
Suriname,1960,3392080.67,0.0,3392080.67
Suriname,1961,3341057.64,0.0,3341057.64
Suriname,1962,3969176.47,0.0,3969176.47
Suriname,1963,2615348.84,0.0,2615348.84
Suriname,1964,1297615.38,0.0,1297615.38
Suriname,1965,6981151.24,0.0,6981151.24
Suriname,1966,621325.97,0.0,621325.97
Suriname,1967,6030.03,0.0,6030.03
Suriname,1969,3343706.64,0.0,3343706.64
Suriname,1970,5289.75,0.0,5289.75
Suriname,1973,460524.16,0.0,460524.16
Suriname,1980,0.0,40638.4,40638.4
Suriname,1981,0.0,44401.84,44401.84
Suriname,1982,1153199.34,43821.58,1197020.92
Suriname,1983,137011.59,0.0,137011.59
Suriname,1985,0.0,86714.15,86714.15
Suriname,1986,0.0,68659.36,68659.36
Suriname,1990,35476.34,0.0,35476.34
Suriname,1992,12449138.19,0.0,12449138.19
Suriname,1993,3934793.84,0.0,3934793.84
Suriname,1994,8804413.19,0.0,8804413.19
Suriname,1995,649289.09,43807.46,693096.55
Suriname,1996,18016942.78,245713.51,18262656.29
Suriname,1997,1213173.76,224829.46,1438003.22
Suriname,1998,1116254.17,122206.73,1238460.91
Suriname,1999,1258057.05,147141.17,1405198.22
Suriname,2000,1336543.85,223478.21,1560022.05
Suriname,2001,1146573.65,181705.16,1328278.81
Suriname,2002,1196481.79,440856.51,1637338.3
Suriname,2003,1551538.19,674365.16,2225903.35
Suriname,2004,1609802.81,472018.21,2081821.01
Suriname,2005,1484780.54,397403.4,1882183.94
Suriname,2006,1700475.33,475095.05,2175570.38
Suriname,2007,1708673.31,350524.68,2059197.99
Suriname,2008,1614376.21,276648.5,1891024.71
Suriname,2009,2284362.69,699043.82,2983406.51
Suriname,2010,1725117.79,1727456.66,3452574.45
Suriname,2011,1644591.53,3036157.59,4680749.11
Suriname,2012,1435286.83,484042.46,1919329.29
Suriname,2013,499340.66,566496.27,1065836.93
Suriname,2014,-6164.95,789759.56,783594.61
Suriname,2015,-1.07,233751.86,233750.79
Suriname,2016,7374.18,239640.76,247014.94
Suriname,2017,0.0,280612.79,280612.79
Suriname,2018,303758.31,197674.55,501432.86
Suriname,2019,327667.1,194252.27,521919.37
Belize,1956,2986520.53,0.0,2986520.53
Belize,1957,1443452.11,0.0,1443452.11
Belize,1958,1394420.33,0.0,1394420.33
Belize,1959,1373137.97,0.0,1373137.97
Belize,1960,1354124.02,0.0,1354124.02
Belize,1961,1336423.05,0.0,1336423.05
Belize,1962,5953764.71,0.0,5953764.71
Belize,1963,3923023.26,0.0,3923023.26
Belize,1964,6455797.93,0.0,6455797.93
Belize,1965,3173250.56,0.0,3173250.56
Belize,1966,3106629.83,0.0,3106629.83
Belize,1967,1809008.04,0.0,1809008.04
Belize,1968,1748082.9,0.0,1748082.9
Belize,1969,1671853.32,0.0,1671853.32
Belize,1970,1063238.95,0.0,1063238.95
Belize,1971,1510205.91,0.0,1510205.91
Belize,1972,1922393.16,0.0,1922393.16
Belize,1973,1386177.72,0.0,1386177.72
Belize,1974,1298276.76,0.0,1298276.76
Belize,1975,1172919.61,0.0,1172919.61
Belize,1976,1450090.01,0.0,1450090.01
Belize,1977,1715779.46,0.0,1715779.46
Belize,1978,1795285.59,0.0,1795285.59
Belize,1979,2197358.83,0.0,2197358.83
Belize,1980,2240530.47,0.0,2240530.47
Belize,1981,2459368.72,0.0,2459368.72
Belize,1982,2131112.39,46127.97,2177240.36
Belize,1983,39359895.07,106073.49,39465968.56
Belize,1984,11572434.83,106678.05,11679112.88
Belize,1985,52094560.68,1234644.39,53329205.07
Belize,1986,24305414.98,145396.3,24450811.28
Belize,1987,31194120.83,185655.78,31379776.61
Belize,1988,21368930.59,583536.92,21952467.51
Belize,1989,19432264.22,196749.84,19629014.06
Belize,1990,15270790.85,899325.24,16170116.09
Belize,1991,15704321.35,1053349.07,16757670.42
Belize,1992,10626049.63,1086166.42,11712216.05
Belize,1993,10932522.65,1018801.39,11951324.04
Belize,1994,6078400.68,340352.09,6418752.77
Belize,1995,5989105.18,84485.81,6073590.98
Belize,1996,1818279.94,448427.15,2266707.09
Belize,1997,2000831.34,652820.27,2653651.61
Belize,1998,1994056.19,974673.2,2968729.39
Belize,1999,2614698.68,810747.87,3425446.55
Belize,2000,2417890.0,586810.51,3004700.51
Belize,2001,2600327.62,1187422.09,3787749.71
Belize,2002,2615868.72,1110459.32,3726328.04
Belize,2003,2377196.09,1017041.4,3394237.49
Belize,2004,2627489.79,864258.69,3491748.48
Belize,2005,2492256.76,1558647.09,4050903.84
Belize,2006,2388928.04,967693.61,3356621.65
Belize,2007,2648195.88,4480143.51,7128339.39
Belize,2008,2324536.16,2142833.42,4467369.58
Belize,2009,3091756.84,5494507.97,8586264.81
Belize,2010,6317853.59,6027397.84,12345251.43
Belize,2011,2385926.0,15541906.68,17927832.68
Belize,2012,1885483.06,6741623.88,8627106.94
Belize,2013,3031415.39,3842800.38,6874215.77
Belize,2014,2820014.97,7611466.15,10431481.12
Belize,2015,2498034.05,6118030.71,8616064.76
Belize,2016,4881272.73,5887489.61,10768762.34
Belize,2017,3938800.27,6856225.45,10795025.72
Belize,2018,2749280.79,3548425.65,6297706.44
Belize,2019,3447475.15,7991927.95,11439403.1
Jamaica,1956,9681986.75,0.0,9681986.75
Jamaica,1957,7181353.77,0.0,7181353.77
Jamaica,1958,6972101.67,0.0,6972101.67
Jamaica,1959,6179120.88,0.0,6179120.88
Jamaica,1960,6770620.11,0.0,6770620.11
Jamaica,1961,10023172.91,0.0,10023172.91
Jamaica,1962,13230588.24,0.0,13230588.24
Jamaica,1963,52306976.74,3543797.67,55850774.42
Jamaica,1964,51646383.47,83925.37,51730308.84
Jamaica,1965,44425507.9,0.0,44425507.9
Jamaica,1966,22989060.77,3106629.83,26095690.61
Jamaica,1967,13266058.98,0.0,13266058.98
Jamaica,1968,49529015.54,0.0,49529015.54
Jamaica,1969,12260257.68,0.0,12260257.68
Jamaica,1970,11108466.6,0.0,11108466.6
Jamaica,1971,116285854.97,0.0,116285854.97
Jamaica,1972,29316495.73,0.0,29316495.73
Jamaica,1973,38684029.48,0.0,38684029.48
Jamaica,1974,56745871.56,0.0,56745871.56
Jamaica,1975,16755994.46,0.0,16755994.46
Jamaica,1976,18270428.21,0.0,18270428.21
Jamaica,1977,109296850.15,0.0,109296850.15
Jamaica,1978,74173306.54,0.0,74173306.54
Jamaica,1979,53337498.17,0.0,53337498.17
Jamaica,1980,39541163.58,0.0,39541163.58
Jamaica,1981,181268055.28,4035634.13,185303689.41
Jamaica,1982,319752194.83,2474765.79,322226960.62
Jamaica,1983,228621522.89,371257.22,228992780.11
Jamaica,1984,234934935.31,428845.76,235363781.07
Jamaica,1985,326489115.11,15769588.4,342258703.51
Jamaica,1986,255758151.55,573507.63,256331659.18
Jamaica,1987,177548150.68,618194.24,178166344.92
Jamaica,1988,154306293.3,533792.79,154840086.08
Jamaica,1989,213291533.03,13452540.22,226744073.25
Jamaica,1990,129822121.14,8734275.08,138556396.21
Jamaica,1991,130074051.78,3468344.5,133542396.28
Jamaica,1992,130131593.43,5287123.92,135418717.36
Jamaica,1993,132682554.59,1381259.58,134063814.17
Jamaica,1994,51284508.38,1959021.88,53243530.26
Jamaica,1995,37497618.53,740033.11,38237651.64
Jamaica,1996,49291664.89,2570009.7,51861674.59
Jamaica,1997,35631697.84,1567770.56,37199468.4
Jamaica,1998,22984552.74,2651289.95,25635842.7
Jamaica,1999,32056176.37,2644126.91,34700303.28
Jamaica,2000,29206438.72,1982467.95,31188906.67
Jamaica,2001,38838183.94,2277653.06,41115837.0
Jamaica,2002,32544906.99,2279144.97,34824051.96
Jamaica,2003,31717680.93,2405772.64,34123453.57
Jamaica,2004,45861216.75,2393331.76,48254548.5
Jamaica,2005,79270768.74,3530180.82,82800949.56
Jamaica,2006,46699704.36,3484447.14,50184151.5
Jamaica,2007,38169105.6,2798111.9,40967217.51
Jamaica,2008,26367910.48,2334817.94,28702728.42
Jamaica,2009,27901671.25,2348221.38,30249892.64
Jamaica,2010,28959023.66,3058696.94,32017720.61
Jamaica,2011,32109704.84,4613926.47,36723631.3
Jamaica,2012,27804441.06,4934355.69,32738796.75
Jamaica,2013,33608777.04,1022564.41,34631341.46
Jamaica,2014,32854617.24,3782216.15,36636833.39
Jamaica,2015,27522672.23,5427846.56,32950518.78
Jamaica,2016,26344458.52,1891270.65,28235729.17
Jamaica,2017,40869035.8,3829335.5,44698371.29
Jamaica,2018,29912351.3,1200082.35,31112433.65
Jamaica,2019,21608269.22,2610529.71,24218798.93
Trinidad & Tobago,1956,744768.21,0.0,744768.21
Trinidad & Tobago,1957,725316.73,0.0,725316.73
Trinidad & Tobago,1958,6972.1,0.0,6972.1
Trinidad & Tobago,1959,4805982.91,0.0,4805982.91
Trinidad & Tobago,1960,21672754.97,0.0,21672754.97
Trinidad & Tobago,1961,25398720.14,0.0,25398720.14
Trinidad & Tobago,1962,19859112.94,0.0,19859112.94
Trinidad & Tobago,1963,71281332.56,0.0,71281332.56
Trinidad & Tobago,1964,36810959.82,0.0,36810959.82
Trinidad & Tobago,1965,32367155.76,0.0,32367155.76
Trinidad & Tobago,1966,31687624.31,0.0,31687624.31
Trinidad & Tobago,1967,30753136.73,0.0,30753136.73
Trinidad & Tobago,1968,5826.94,0.0,5826.94
Trinidad & Tobago,1969,562857.28,0.0,562857.28
Trinidad & Tobago,1971,503401.97,0.0,503401.97
Trinidad & Tobago,1972,485404.27,0.0,485404.27
Trinidad & Tobago,1974,1289678.9,0.0,1289678.9
Trinidad & Tobago,1975,7793.49,0.0,7793.49
Trinidad & Tobago,1976,3643.02,0.0,3643.02
Trinidad & Tobago,1977,105325.08,0.0,105325.08
Trinidad & Tobago,1978,254650.44,0.0,254650.44
Trinidad & Tobago,1979,129602.93,0.0,129602.93
Trinidad & Tobago,1980,688143.58,0.0,688143.58
Trinidad & Tobago,1985,0.0,80520.29,80520.29
Trinidad & Tobago,1986,0.0,100969.65,100969.65
Trinidad & Tobago,1987,0.0,128379.0,128379.0
Trinidad & Tobago,1988,19132.36,101401.5,120533.86
Trinidad & Tobago,1989,4534440.16,18387.84,4552827.99
Trinidad & Tobago,1990,431037.54,1227481.39,1658518.93
Trinidad & Tobago,1991,407637.53,967710.94,1375348.46
Trinidad & Tobago,1992,387677.86,899011.59,1286689.45
Trinidad & Tobago,1993,189392.57,977984.03,1167376.6
Trinidad & Tobago,1994,23968.46,281229.89,305198.35
Trinidad & Tobago,1995,373927.94,148632.44,522560.38
Trinidad & Tobago,1996,314820.43,588176.7,902997.13
Trinidad & Tobago,1997,754461.29,857068.03,1611529.32
Trinidad & Tobago,1998,596130.4,2422366.94,3018497.34
Trinidad & Tobago,1999,1029988.22,557665.05,1587653.28
Trinidad & Tobago,2000,576717.95,1747455.38,2324173.33
Trinidad & Tobago,2001,1408567.13,1373352.96,2781920.09
Trinidad & Tobago,2002,0.0,975984.22,975984.22
Trinidad & Tobago,2003,34037.53,955773.85,989811.38
Trinidad & Tobago,2004,3095804.93,196785.06,3292589.99
Trinidad & Tobago,2005,264762.49,149671.41,414433.9
Trinidad & Tobago,2006,49921.24,135027.02,184948.25
Trinidad & Tobago,2007,1717567.09,192301.73,1909868.82
Trinidad & Tobago,2008,890963.19,269493.8,1160456.98
Trinidad & Tobago,2009,1207504.47,272308.81,1479813.28
Trinidad & Tobago,2010,414250.83,1201505.72,1615756.54
Trinidad & Tobago,2011,267357.5,1047072.04,1314429.55
Trinidad & Tobago,2012,459616.65,908278.69,1367895.35
Trinidad & Tobago,2013,269447.14,667183.53,936630.66
Trinidad & Tobago,2014,618986.37,539971.6,1158957.97
Trinidad & Tobago,2015,551903.6,964898.23,1516801.83
Trinidad & Tobago,2016,723063.65,663527.8,1386591.45
Trinidad & Tobago,2017,7138.84,1760468.93,1767607.77
Trinidad & Tobago,2018,2581490.12,525245.9,3106736.02
Trinidad & Tobago,2019,4013918.65,2039123.0,6053041.65
