country,year,polyarchy,regime_type,physinteg,mil_constrain,mil_exec,coup_event,coup_attempts,polity2,cs_repress,political_violence
Argentina,1990,0.827,2.0,0.89,0.996,0.1,0,0,7,2.464,-1.142
Argentina,1991,0.829,2.0,0.9,0.996,0.0,0,0,7,2.464,-1.142
Argentina,1992,0.831,2.0,0.9,0.996,0.0,0,0,7,2.464,-1.142
Argentina,1993,0.83,2.0,0.9,0.996,0.0,0,0,7,2.464,-1.142
Argentina,1994,0.835,2.0,0.9,0.996,0.0,0,0,7,2.464,-1.142
Argentina,1995,0.833,2.0,0.9,0.996,0.0,0,0,7,2.464,-1.142
Argentina,1996,0.827,2.0,0.9,0.996,0.0,0,0,7,2.464,-1.142
Argentina,1997,0.828,2.0,0.9,0.996,0.0,0,0,7,2.464,-1.142
Argentina,1998,0.83,2.0,0.9,0.996,0.0,0,0,7,2.464,-1.142
Argentina,1999,0.83,2.0,0.947,0.996,0.0,0,0,8,2.464,-1.142
Argentina,2000,0.836,2.0,0.947,0.996,0.0,0,0,8,2.464,-1.142
Argentina,2001,0.835,2.0,0.926,0.996,0.0,0,0,8,2.464,-1.142
Argentina,2002,0.825,2.0,0.904,0.996,0.0,0,0,8,2.464,-1.142
Argentina,2003,0.81,2.0,0.904,0.996,0.0,0,0,8,2.464,-1.142
Argentina,2004,0.804,2.0,0.904,0.996,0.0,0,0,8,1.935,-1.142
Argentina,2005,0.801,2.0,0.904,0.996,0.036,0,0,8,1.935,-1.142
Argentina,2006,0.789,2.0,0.904,0.996,0.036,0,0,8,1.935,-1.142
Argentina,2007,0.784,2.0,0.904,0.996,0.036,0,0,8,1.935,-1.142
Argentina,2008,0.765,2.0,0.904,0.996,0.036,0,0,8,1.631,-1.142
Argentina,2009,0.764,2.0,0.904,0.996,0.036,0,0,8,1.631,-1.142
Argentina,2010,0.761,2.0,0.904,0.996,0.036,0,0,8,1.299,-1.142
Argentina,2011,0.762,2.0,0.903,0.996,0.036,0,0,8,1.299,-1.142
Argentina,2012,0.766,2.0,0.892,0.996,0.036,0,0,8,1.299,-1.142
Argentina,2013,0.774,2.0,0.883,0.996,0.042,0,0,8,1.299,-1.142
Argentina,2014,0.786,2.0,0.883,0.996,0.042,0,0,8,1.299,-1.142
Argentina,2015,0.776,2.0,0.839,0.996,0.042,0,0,9,1.299,-1.142
Argentina,2016,0.753,2.0,0.843,0.996,0.042,0,0,9,1.616,-1.142
Argentina,2017,0.754,2.0,0.794,0.996,0.042,0,0,9,1.156,-1.142
Argentina,2018,0.783,2.0,0.842,0.996,0.042,0,0,9,1.156,-1.142
Argentina,2019,0.788,2.0,0.811,0.996,0.042,0,0,,1.156,-1.142
Argentina,2020,0.805,2.0,0.9,0.996,0.0,0,0,,1.895,-1.142
Argentina,2021,0.797,2.0,0.895,0.996,0.0,0,0,,1.895,-1.307
Argentina,2022,0.832,2.0,0.823,0.996,0.0,0,0,,1.895,-0.017
Argentina,2023,0.838,2.0,0.882,0.996,0.0,0,0,,1.895,-0.947
Bolivia,1990,0.652,2.0,0.848,-0.15,0.071,0,0,9,0.8,0.368
Bolivia,1991,0.692,2.0,0.899,-0.15,0.071,0,0,9,1.456,0.368
Bolivia,1992,0.707,2.0,0.899,-0.15,0.071,0,0,9,1.456,0.368
Bolivia,1993,0.712,2.0,0.899,-0.15,0.071,0,0,9,0.79,0.368
Bolivia,1994,0.726,2.0,0.899,-0.15,0.071,0,0,9,0.79,0.402
Bolivia,1995,0.737,2.0,0.899,-0.15,0.071,0,0,9,1.441,0.362
Bolivia,1996,0.737,2.0,0.899,-0.15,0.071,0,0,9,1.441,0.362
Bolivia,1997,0.739,2.0,0.899,-0.15,0.071,0,0,9,0.791,0.362
Bolivia,1998,0.738,2.0,0.899,-0.15,0.071,0,0,9,0.791,0.362
Bolivia,1999,0.744,2.0,0.899,-0.15,0.071,0,0,9,1.468,0.362
Bolivia,2000,0.744,2.0,0.899,-0.15,0.071,0,0,9,1.468,0.545
Bolivia,2001,0.744,2.0,0.899,-0.15,0.071,0,0,9,1.468,0.545
Bolivia,2002,0.727,2.0,0.899,-0.15,0.071,0,0,9,0.347,0.562
Bolivia,2003,0.722,2.0,0.877,-0.15,0.071,0,0,8,0.982,0.73
Bolivia,2004,0.753,2.0,0.889,-0.282,0.071,0,0,8,1.66,0.479
Bolivia,2005,0.748,2.0,0.889,-0.282,0.1,0,0,8,1.779,0.504
Bolivia,2006,0.721,2.0,0.889,-0.385,0.1,0,0,8,1.721,0.533
Bolivia,2007,0.719,2.0,0.889,-0.385,0.067,0,0,8,1.721,0.533
Bolivia,2008,0.716,2.0,0.889,-0.385,0.067,0,0,8,1.721,0.814
Bolivia,2009,0.712,2.0,0.889,-0.385,0.067,0,0,7,1.721,0.103
Bolivia,2010,0.685,2.0,0.891,-0.385,0.062,0,0,7,1.447,-0.187
Bolivia,2011,0.681,2.0,0.891,-0.385,0.062,0,0,7,1.199,-0.187
Bolivia,2012,0.674,2.0,0.883,-0.385,0.062,0,0,7,1.041,-0.187
Bolivia,2013,0.661,2.0,0.892,-0.385,0.083,0,0,7,0.689,-0.187
Bolivia,2014,0.646,2.0,0.892,-0.385,0.083,0,0,7,0.689,-0.187
Bolivia,2015,0.617,2.0,0.925,-0.385,0.1,0,0,7,0.493,-0.187
Bolivia,2016,0.619,2.0,0.902,-0.385,0.1,0,0,7,0.557,0.006
Bolivia,2017,0.615,2.0,0.926,-0.385,0.05,0,0,7,0.718,-0.191
Bolivia,2018,0.598,2.0,0.926,-0.385,0.05,0,0,7,0.718,-0.191
Bolivia,2019,0.481,1.0,0.791,-0.638,0.15,0,0,,0.203,1.669
Bolivia,2020,0.331,1.0,0.83,-0.696,0.125,0,0,,0.383,1.518
Bolivia,2021,0.614,2.0,0.839,-0.52,0.167,0,0,,0.78,-0.001
Bolivia,2022,0.589,2.0,0.798,-0.881,0.2,0,0,,0.551,0.421
Bolivia,2023,0.584,2.0,0.784,-0.881,0.3,0,0,,0.583,0.185
Brazil,1990,0.814,2.0,0.612,0.674,0.143,0,0,8,3.229,1.139
Brazil,1991,0.829,2.0,0.612,0.674,0.125,0,0,8,3.229,0.61
Brazil,1992,0.839,2.0,0.612,0.674,0.125,0,0,8,3.229,0.61
Brazil,1993,0.842,2.0,0.612,0.674,0.125,0,0,8,3.229,0.191
Brazil,1994,0.847,2.0,0.612,0.674,0.125,0,0,8,3.229,0.191
Brazil,1995,0.848,2.0,0.612,0.674,0.062,0,0,8,3.229,0.191
Brazil,1996,0.85,2.0,0.612,0.674,0.062,0,0,8,3.229,0.191
Brazil,1997,0.85,2.0,0.612,0.674,0.062,0,0,8,3.229,0.191
Brazil,1998,0.851,2.0,0.612,0.674,0.062,0,0,8,3.229,0.191
Brazil,1999,0.854,2.0,0.612,0.674,0.062,0,0,8,3.229,0.191
Brazil,2000,0.857,2.0,0.612,0.674,0.062,0,0,8,3.229,0.191
Brazil,2001,0.857,2.0,0.612,0.674,0.062,0,0,8,3.229,0.191
Brazil,2002,0.858,2.0,0.641,0.674,0.062,0,0,8,3.229,0.191
Brazil,2003,0.856,2.0,0.641,0.674,0.062,0,0,8,3.229,-0.249
Brazil,2004,0.856,2.0,0.641,0.674,0.062,0,0,8,3.229,-0.249
Brazil,2005,0.873,2.0,0.727,0.674,0.19,0,0,8,3.229,-0.249
Brazil,2006,0.874,2.0,0.727,0.674,0.19,0,0,8,3.229,-0.249
Brazil,2007,0.869,2.0,0.727,0.674,0.19,0,0,8,3.229,-0.249
Brazil,2008,0.869,2.0,0.727,0.674,0.19,0,0,8,3.229,-0.249
Brazil,2009,0.869,2.0,0.727,0.674,0.19,0,0,8,3.229,-0.249
Brazil,2010,0.872,2.0,0.727,0.674,0.19,0,0,8,3.229,-0.185
Brazil,2011,0.876,2.0,0.727,0.674,0.19,0,0,8,3.229,0.134
Brazil,2012,0.872,2.0,0.727,0.674,0.19,0,0,8,2.782,0.134
Brazil,2013,0.876,2.0,0.727,0.674,0.222,0,0,8,2.782,0.389
Brazil,2014,0.877,2.0,0.727,0.674,0.222,0,0,8,2.782,0.647
Brazil,2015,0.863,2.0,0.727,0.674,0.222,0,0,8,2.782,0.732
Brazil,2016,0.782,2.0,0.731,0.607,0.222,0,0,8,2.043,1.041
Brazil,2017,0.778,2.0,0.704,0.508,0.235,0,0,8,1.765,1.641
Brazil,2018,0.753,2.0,0.641,0.508,0.267,0,0,8,1.377,2.206
Brazil,2019,0.698,2.0,0.496,0.552,0.233,0,0,,1.121,2.657
Brazil,2020,0.699,2.0,0.461,0.552,0.2,0,0,,1.299,2.843
Brazil,2021,0.688,2.0,0.442,0.457,0.2,0,0,,1.1,2.843
Brazil,2022,0.699,2.0,0.442,0.556,0.214,0,0,,1.1,2.65
Brazil,2023,0.789,2.0,0.757,0.65,0.214,0,0,,2.773,1.934
Chile,1990,0.723,2.0,0.855,1.304,0.2,0,0,8,2.985,-0.884
Chile,1991,0.819,2.0,0.94,1.304,0.2,0,0,8,2.985,-0.884
Chile,1992,0.819,2.0,0.94,1.304,0.2,0,0,8,2.985,-0.884
Chile,1993,0.814,2.0,0.94,1.304,0.1,0,0,8,2.985,-1.041
Chile,1994,0.853,2.0,0.94,1.304,0.1,0,0,8,2.985,-1.079
Chile,1995,0.853,2.0,0.94,1.304,0.1,0,0,8,2.985,-1.079
Chile,1996,0.853,3.0,0.94,1.304,0.1,0,0,8,2.985,-1.079
Chile,1997,0.853,3.0,0.94,1.304,0.1,0,0,8,2.985,-1.079
Chile,1998,0.853,3.0,0.94,1.304,0.0,0,0,8,2.985,-1.079
Chile,1999,0.851,3.0,0.94,1.304,0.0,0,0,8,2.985,-1.079
Chile,2000,0.879,3.0,0.925,1.304,0.0,0,0,9,2.985,-1.079
Chile,2001,0.879,3.0,0.925,1.304,0.0,0,0,9,2.985,-1.079
Chile,2002,0.879,3.0,0.925,1.304,0.0,0,0,9,2.985,-1.079
Chile,2003,0.879,3.0,0.925,1.304,0.0,0,0,9,2.985,-1.079
Chile,2004,0.879,3.0,0.925,1.304,0.0,0,0,9,2.985,-1.079
Chile,2005,0.877,3.0,0.925,1.304,0.0,0,0,9,2.985,-1.079
Chile,2006,0.893,3.0,0.925,1.547,0.0,0,0,10,2.985,-1.079
Chile,2007,0.893,3.0,0.925,1.547,0.0,0,0,10,2.985,-1.079
Chile,2008,0.893,3.0,0.925,1.547,0.0,0,0,10,2.985,-1.079
Chile,2009,0.887,3.0,0.925,1.547,0.0,0,0,10,2.985,-1.079
Chile,2010,0.887,3.0,0.925,1.547,0.0,0,0,10,2.985,-1.079
Chile,2011,0.89,3.0,0.925,1.547,0.0,0,0,10,2.767,-1.079
Chile,2012,0.894,3.0,0.925,1.547,0.0,0,0,10,2.767,-1.079
Chile,2013,0.894,3.0,0.97,1.547,0.0,0,0,10,2.421,-1.079
Chile,2014,0.894,3.0,0.965,1.547,0.0,0,0,10,2.421,-1.079
Chile,2015,0.888,3.0,0.946,1.547,0.0,0,0,10,2.714,-1.079
Chile,2016,0.888,3.0,0.946,1.547,0.0,0,0,10,2.714,-1.079
Chile,2017,0.891,3.0,0.946,1.547,0.0,0,0,10,2.714,-1.079
Chile,2018,0.871,2.0,0.873,1.547,0.0,0,0,10,1.814,-1.079
Chile,2019,0.829,2.0,0.795,1.547,0.0,0,0,,1.4,0.797
Chile,2020,0.835,2.0,0.831,1.547,0.0,0,0,,1.673,0.581
Chile,2021,0.839,3.0,0.9,1.547,0.0,0,0,,2.162,0.409
Chile,2022,0.838,3.0,0.931,1.547,0.0,0,0,,1.839,-0.218
Chile,2023,0.837,3.0,0.931,1.547,0.0,0,0,,2.076,-1.147
Colombia,1990,0.472,1.0,0.409,-0.286,0.0,0,0,8,-0.453,3.27
Colombia,1991,0.513,2.0,0.417,-0.286,0.0,0,0,9,-0.453,3.055
Colombia,1992,0.557,2.0,0.417,0.467,0.0,0,0,9,-0.018,3.309
Colombia,1993,0.557,2.0,0.374,0.467,0.0,0,0,9,-0.018,3.309
Colombia,1994,0.557,2.0,0.374,0.467,0.0,0,0,9,-0.018,3.309
Colombia,1995,0.563,2.0,0.388,0.467,0.0,0,0,7,-0.018,3.309
Colombia,1996,0.554,2.0,0.388,0.467,0.0,0,0,7,-0.018,3.309
Colombia,1997,0.554,2.0,0.388,0.467,0.0,0,0,7,-0.018,3.309
Colombia,1998,0.544,2.0,0.388,0.467,0.0,0,0,7,-0.018,3.309
Colombia,1999,0.539,2.0,0.388,0.467,0.0,0,0,7,-0.018,3.309
Colombia,2000,0.548,2.0,0.388,0.941,0.0,0,0,7,-0.018,3.309
Colombia,2001,0.549,2.0,0.388,0.941,0.0,0,0,7,-0.288,3.309
Colombia,2002,0.538,2.0,0.341,0.941,0.0,0,0,7,-0.772,3.309
Colombia,2003,0.545,2.0,0.502,0.941,0.0,0,0,7,0.589,3.309
Colombia,2004,0.546,2.0,0.502,0.941,0.0,0,0,7,0.589,3.309
Colombia,2005,0.551,2.0,0.502,0.941,0.0,0,0,7,0.589,2.637
Colombia,2006,0.573,2.0,0.502,0.941,0.0,0,0,7,0.589,2.637
Colombia,2007,0.589,2.0,0.502,0.941,0.0,0,0,7,0.724,2.348
Colombia,2008,0.588,2.0,0.502,0.941,0.0,0,0,7,0.999,2.348
Colombia,2009,0.592,2.0,0.534,0.941,0.0,0,0,7,0.999,2.348
Colombia,2010,0.626,2.0,0.613,0.941,0.0,0,0,7,1.198,2.122
Colombia,2011,0.661,2.0,0.691,0.941,0.0,0,0,7,1.784,1.857
Colombia,2012,0.664,2.0,0.693,0.941,0.0,0,0,7,1.913,1.857
Colombia,2013,0.669,2.0,0.708,0.941,0.0,0,0,7,2.811,1.857
Colombia,2014,0.682,2.0,0.716,0.941,0.0,0,0,7,2.811,1.857
Colombia,2015,0.687,2.0,0.713,0.941,0.0,0,0,7,2.811,1.663
Colombia,2016,0.688,2.0,0.737,0.941,0.0,0,0,7,2.909,1.663
Colombia,2017,0.685,2.0,0.721,0.941,0.0,0,0,7,2.096,1.403
Colombia,2018,0.67,2.0,0.638,0.941,0.0,0,0,7,1.426,1.897
Colombia,2019,0.659,2.0,0.533,0.755,0.0,0,0,,1.325,1.897
Colombia,2020,0.645,2.0,0.547,0.943,0.0,0,0,,0.882,2.654
Colombia,2021,0.658,2.0,0.506,0.763,0.0,0,0,,0.595,2.58
Colombia,2022,0.696,2.0,0.683,0.978,0.0,0,0,,2.087,2.717
Colombia,2023,0.709,2.0,0.683,0.978,0.0,0,0,,2.307,1.656
Costa Rica,1990,0.894,3.0,0.959,2.011,0.0,0,0,10,2.414,-0.538
Costa Rica,1991,0.895,3.0,0.972,2.011,0.0,0,0,10,2.414,-2.216
Costa Rica,1992,0.895,3.0,0.972,2.011,0.0,0,0,10,2.414,-2.216
Costa Rica,1993,0.895,3.0,0.972,2.011,0.0,0,0,10,2.414,-2.216
Costa Rica,1994,0.896,3.0,0.972,2.011,0.0,0,0,10,2.414,-2.216
Costa Rica,1995,0.896,3.0,0.972,2.011,0.0,0,0,10,2.414,-2.216
Costa Rica,1996,0.897,3.0,0.972,2.011,0.0,0,0,10,2.414,-2.216
Costa Rica,1997,0.897,3.0,0.972,2.011,0.0,0,0,10,2.414,-2.216
Costa Rica,1998,0.894,3.0,0.972,2.011,0.0,0,0,10,2.414,-2.216
Costa Rica,1999,0.894,3.0,0.972,2.011,0.0,0,0,10,2.414,-2.216
Costa Rica,2000,0.895,3.0,0.972,2.011,0.0,0,0,10,2.414,-2.216
Costa Rica,2001,0.895,3.0,0.975,2.011,0.0,0,0,10,2.414,-2.216
Costa Rica,2002,0.896,3.0,0.975,2.011,0.0,0,0,10,2.414,-2.216
Costa Rica,2003,0.896,3.0,0.975,2.011,0.0,0,0,10,2.414,-2.216
Costa Rica,2004,0.894,3.0,0.975,2.011,0.0,0,0,10,2.414,-2.216
Costa Rica,2005,0.894,3.0,0.973,2.011,0.0,0,0,10,2.414,-2.216
Costa Rica,2006,0.905,3.0,0.973,2.011,0.0,0,0,10,2.414,-2.216
Costa Rica,2007,0.908,3.0,0.973,2.011,0.0,0,0,10,2.414,-2.216
Costa Rica,2008,0.908,3.0,0.973,2.011,0.0,0,0,10,2.414,-2.216
Costa Rica,2009,0.908,3.0,0.973,2.011,0.0,0,0,10,2.414,-2.216
Costa Rica,2010,0.911,3.0,0.973,2.011,0.0,0,0,10,2.414,-1.993
Costa Rica,2011,0.911,3.0,0.973,2.011,0.0,0,0,10,2.414,-1.993
Costa Rica,2012,0.909,3.0,0.979,2.011,0.0,0,0,10,2.414,-1.993
Costa Rica,2013,0.908,3.0,0.976,2.011,0.0,0,0,10,2.318,-1.993
Costa Rica,2014,0.905,3.0,0.976,2.011,0.0,0,0,10,2.318,-1.993
Costa Rica,2015,0.905,3.0,0.976,2.011,0.0,0,0,10,2.318,-1.993
Costa Rica,2016,0.904,3.0,0.982,2.011,0.0,0,0,10,1.757,-1.993
Costa Rica,2017,0.899,3.0,0.982,2.011,0.0,0,0,10,2.171,-1.993
Costa Rica,2018,0.892,3.0,0.882,2.011,0.0,0,0,10,2.171,-1.993
Costa Rica,2019,0.896,3.0,0.965,2.011,0.0,0,0,,2.501,-1.993
Costa Rica,2020,0.898,3.0,0.965,2.011,0.0,0,0,,2.501,-1.48
Costa Rica,2021,0.895,3.0,0.965,2.011,0.0,0,0,,2.501,-2.54
Costa Rica,2022,0.865,3.0,0.965,2.011,0.0,0,0,,2.501,-2.54
Costa Rica,2023,0.859,3.0,0.965,2.011,0.0,0,0,,2.501,-2.54
Cuba,1990,0.071,0.0,0.549,-1.918,0.125,0,0,-7,-1.508,0.189
Cuba,1991,0.071,0.0,0.549,-1.918,0.125,0,0,-7,-1.508,0.189
Cuba,1992,0.071,0.0,0.549,-1.918,0.125,0,0,-7,-1.508,0.189
Cuba,1993,0.103,0.0,0.549,-1.918,0.125,0,0,-7,-1.508,0.189
Cuba,1994,0.108,0.0,0.549,-1.918,0.125,0,0,-7,-1.508,0.189
Cuba,1995,0.108,0.0,0.549,-1.918,0.125,0,0,-7,-1.508,0.189
Cuba,1996,0.108,0.0,0.549,-1.918,0.125,0,0,-7,-1.508,0.189
Cuba,1997,0.108,0.0,0.549,-1.918,0.125,0,0,-7,-1.508,-0.341
Cuba,1998,0.113,0.0,0.549,-1.918,0.125,0,0,-7,-1.508,-0.341
Cuba,1999,0.113,0.0,0.549,-1.918,0.125,0,0,-7,-1.508,-0.341
Cuba,2000,0.114,0.0,0.549,-1.918,0.125,0,0,-7,-1.508,-0.341
Cuba,2001,0.114,0.0,0.549,-1.918,0.125,0,0,-7,-1.508,-0.341
Cuba,2002,0.114,0.0,0.549,-1.918,0.125,0,0,-7,-1.508,-0.341
Cuba,2003,0.114,0.0,0.549,-1.918,0.125,0,0,-7,-1.508,-0.341
Cuba,2004,0.114,0.0,0.549,-1.918,0.125,0,0,-7,-1.508,-0.341
Cuba,2005,0.113,0.0,0.56,-1.918,0.167,0,0,-7,-1.508,-0.341
Cuba,2006,0.114,0.0,0.56,-1.918,0.167,0,0,-7,-1.508,-0.341
Cuba,2007,0.114,0.0,0.56,-1.918,0.167,0,0,-7,-1.508,-0.341
Cuba,2008,0.105,0.0,0.526,-1.918,0.167,0,0,-7,-1.305,-0.341
Cuba,2009,0.167,0.0,0.561,-1.918,0.167,0,0,-7,-1.305,-0.341
Cuba,2010,0.167,0.0,0.601,-1.918,0.167,0,0,-7,-1.305,-0.808
Cuba,2011,0.167,0.0,0.582,-1.918,0.167,0,0,-7,-1.305,-0.808
Cuba,2012,0.167,0.0,0.601,-1.918,0.167,0,0,-7,-1.305,-0.808
Cuba,2013,0.169,0.0,0.609,-1.918,0.167,0,0,-7,-1.357,-0.808
Cuba,2014,0.169,0.0,0.609,-1.918,0.167,0,0,-7,-1.548,-0.808
Cuba,2015,0.169,0.0,0.609,-1.918,0.167,0,0,-7,-1.548,-0.808
Cuba,2016,0.171,0.0,0.529,-1.918,0.188,0,0,-7,-1.465,-0.808
Cuba,2017,0.17,0.0,0.617,-1.918,0.188,0,0,-7,-1.465,-0.808
Cuba,2018,0.177,0.0,0.544,-1.918,0.188,0,0,-5,-1.465,-0.808
Cuba,2019,0.181,0.0,0.523,-1.684,0.312,0,0,,-1.151,-0.808
Cuba,2020,0.179,0.0,0.537,-1.984,0.312,0,0,,-1.537,-1.124
Cuba,2021,0.179,0.0,0.436,-2.021,0.25,0,0,,-2.088,-0.095
Cuba,2022,0.178,0.0,0.432,-1.977,0.25,0,0,,-2.088,-0.699
Cuba,2023,0.175,0.0,0.511,-1.977,0.25,0,0,,-2.088,-0.697
Dominican Republic,1990,0.453,1.0,0.607,0.077,0.0,0,0,5,0.987,-0.505
Dominican Republic,1991,0.424,1.0,0.607,0.077,0.0,0,0,5,1.48,-1.42
Dominican Republic,1992,0.424,1.0,0.607,0.077,0.0,0,0,5,1.48,-1.42
Dominican Republic,1993,0.424,1.0,0.607,0.077,0.0,0,0,5,1.48,-1.42
Dominican Republic,1994,0.424,1.0,0.504,0.077,0.0,0,0,5,1.48,-0.49
Dominican Republic,1995,0.441,1.0,0.669,0.077,0.125,0,0,5,1.48,-1.414
Dominican Republic,1996,0.538,2.0,0.702,0.077,0.125,0,0,8,2.048,-0.505
Dominican Republic,1997,0.614,2.0,0.844,0.077,0.125,0,0,8,2.048,-1.424
Dominican Republic,1998,0.634,2.0,0.844,0.077,0.125,0,0,8,2.048,-1.424
Dominican Republic,1999,0.641,2.0,0.844,0.077,0.125,0,0,8,2.048,-1.424
Dominican Republic,2000,0.657,2.0,0.844,0.077,0.125,0,0,8,2.048,-0.507
Dominican Republic,2001,0.664,2.0,0.844,0.077,0.125,0,0,8,2.048,-1.356
Dominican Republic,2002,0.66,2.0,0.844,0.077,0.125,0,0,8,2.048,-1.356
Dominican Republic,2003,0.658,2.0,0.844,0.077,0.125,0,0,8,2.048,-1.356
Dominican Republic,2004,0.644,2.0,0.844,0.077,0.0,0,0,8,2.048,-1.356
Dominican Republic,2005,0.636,2.0,0.844,0.077,0.091,0,0,8,2.048,-1.356
Dominican Republic,2006,0.637,2.0,0.844,0.077,0.091,0,0,8,2.121,-1.356
Dominican Republic,2007,0.635,2.0,0.844,0.077,0.091,0,0,8,2.047,-1.356
Dominican Republic,2008,0.632,2.0,0.844,0.077,0.091,0,0,8,2.047,-1.356
Dominican Republic,2009,0.631,2.0,0.844,0.077,0.091,0,0,8,2.047,-1.356
Dominican Republic,2010,0.614,2.0,0.844,0.077,0.091,0,0,8,2.036,-1.356
Dominican Republic,2011,0.606,2.0,0.844,0.077,0.091,0,0,8,1.983,-1.356
Dominican Republic,2012,0.601,2.0,0.844,0.077,0.091,0,0,8,1.983,-1.356
Dominican Republic,2013,0.598,2.0,0.844,0.077,0.111,0,0,8,1.983,-1.356
Dominican Republic,2014,0.598,2.0,0.844,0.077,0.111,0,0,8,1.983,-1.356
Dominican Republic,2015,0.576,2.0,0.844,0.077,0.143,0,0,8,1.633,-1.356
Dominican Republic,2016,0.553,2.0,0.844,0.077,0.125,0,0,7,1.633,-1.356
Dominican Republic,2017,0.541,2.0,0.844,0.077,0.143,0,0,7,1.633,-1.356
Dominican Republic,2018,0.547,2.0,0.871,0.077,0.143,0,0,7,1.633,-1.356
Dominican Republic,2019,0.541,2.0,0.84,0.077,0.143,0,0,,1.633,-1.356
Dominican Republic,2020,0.643,2.0,0.869,0.077,0.214,0,0,,2.721,-1.356
Dominican Republic,2021,0.687,2.0,0.874,0.077,0.214,0,0,,2.721,-1.282
Dominican Republic,2022,0.683,2.0,0.874,0.077,0.167,0,0,,2.721,-0.457
Dominican Republic,2023,0.683,2.0,0.874,0.077,0.1,0,0,,2.721,-0.513
Ecuador,1990,0.721,2.0,0.841,-0.064,0.5,0,0,9,1.351,-1.751
Ecuador,1991,0.719,2.0,0.841,-0.064,0.5,0,0,9,1.351,-1.751
Ecuador,1992,0.718,2.0,0.841,-0.064,0.5,0,0,9,1.351,-1.751
Ecuador,1993,0.711,2.0,0.841,-0.064,0.5,0,0,9,1.351,-1.751
Ecuador,1994,0.704,2.0,0.841,-0.064,0.5,0,0,9,1.351,-1.751
Ecuador,1995,0.706,2.0,0.841,-0.064,0.5,0,0,9,1.351,-1.751
Ecuador,1996,0.704,2.0,0.841,-0.064,0.5,0,0,9,1.351,-1.751
Ecuador,1997,0.703,2.0,0.841,-0.064,0.5,0,0,9,1.351,-1.751
Ecuador,1998,0.694,2.0,0.841,-0.064,0.5,0,0,9,1.351,-1.751
Ecuador,1999,0.691,2.0,0.841,-0.064,0.5,0,0,9,1.351,-1.751
Ecuador,2000,0.689,2.0,0.841,-0.064,0.5,0,1,6,1.351,-1.751
Ecuador,2001,0.689,2.0,0.841,-0.064,0.5,0,0,6,1.351,-1.751
Ecuador,2002,0.691,2.0,0.841,-0.064,0.5,0,0,6,1.351,-1.751
Ecuador,2003,0.7,2.0,0.841,-0.064,0.5,0,0,6,1.351,-1.751
Ecuador,2004,0.7,2.0,0.841,-0.064,0.5,0,0,6,1.351,-1.751
Ecuador,2005,0.7,2.0,0.841,-0.064,0.5,0,0,6,1.351,-1.751
Ecuador,2006,0.703,2.0,0.865,-0.064,0.423,0,0,7,1.429,-0.951
Ecuador,2007,0.671,2.0,0.923,-0.064,0.385,0,0,5,0.948,-1.016
Ecuador,2008,0.632,2.0,0.915,-0.064,0.385,0,0,5,0.49,-1.665
Ecuador,2009,0.612,2.0,0.915,-0.064,0.385,0,0,5,-0.148,-1.665
Ecuador,2010,0.588,2.0,0.9,-0.064,0.423,0,0,5,-0.339,0.003
Ecuador,2011,0.587,2.0,0.9,-0.064,0.385,0,0,5,-0.339,-1.648
Ecuador,2012,0.589,2.0,0.9,-0.064,0.385,0,0,5,-0.287,-1.648
Ecuador,2013,0.541,2.0,0.877,0.189,0.375,0,0,5,-0.792,-0.877
Ecuador,2014,0.54,2.0,0.877,0.189,0.375,0,0,5,-0.792,-1.176
Ecuador,2015,0.534,2.0,0.893,0.189,0.375,0,0,5,-0.83,-1.176
Ecuador,2016,0.543,2.0,0.893,0.189,0.375,0,0,5,-0.772,-1.439
Ecuador,2017,0.555,2.0,0.923,0.401,0.375,0,0,5,-0.201,-1.439
Ecuador,2018,0.643,2.0,0.948,0.401,0.375,0,0,5,0.937,-1.413
Ecuador,2019,0.618,2.0,0.958,0.401,0.364,0,0,,-0.049,-0.321
Ecuador,2020,0.623,2.0,0.96,0.401,0.35,0,0,,0.63,-1.468
Ecuador,2021,0.628,2.0,0.949,0.401,0.333,0,0,,-0.182,-0.584
Ecuador,2022,0.659,2.0,0.938,0.401,0.278,0,0,,0.477,-0.504
Ecuador,2023,0.639,2.0,0.827,0.104,0.278,0,0,,0.474,0.516
El Salvador,1990,0.214,1.0,0.146,0.528,0.2,0,0,6,-1.849,3.902
El Salvador,1991,0.223,1.0,0.186,0.528,0.2,0,0,6,-1.469,3.902
El Salvador,1992,0.271,1.0,0.534,0.007,0.2,0,0,6,-0.789,0.912
El Salvador,1993,0.375,1.0,0.623,0.007,0.2,0,0,6,0.754,-0.188
El Salvador,1994,0.468,1.0,0.698,0.007,0.2,0,0,7,0.975,-0.188
El Salvador,1995,0.48,1.0,0.733,0.007,0.2,0,0,7,0.975,-0.188
El Salvador,1996,0.482,1.0,0.763,0.007,0.2,0,0,7,1.213,-0.188
El Salvador,1997,0.489,1.0,0.763,0.007,0.2,0,0,7,1.643,-0.188
El Salvador,1998,0.488,1.0,0.763,0.007,0.1,0,0,7,1.643,-0.188
El Salvador,1999,0.508,2.0,0.763,0.007,0.1,0,0,7,1.643,-0.188
El Salvador,2000,0.531,2.0,0.763,0.007,0.1,0,0,7,1.643,-0.188
El Salvador,2001,0.54,2.0,0.763,0.007,0.1,0,0,7,1.643,-0.188
El Salvador,2002,0.547,2.0,0.763,0.007,0.1,0,0,7,1.643,-0.188
El Salvador,2003,0.544,2.0,0.763,0.007,0.1,0,0,7,1.643,-0.29
El Salvador,2004,0.543,2.0,0.792,0.007,0.1,0,0,7,1.643,-0.29
El Salvador,2005,0.541,2.0,0.792,0.007,0.208,0,0,7,1.643,-0.29
El Salvador,2006,0.561,2.0,0.792,0.007,0.208,0,0,7,1.643,-0.494
El Salvador,2007,0.566,2.0,0.792,0.007,0.208,0,0,7,1.643,-0.494
El Salvador,2008,0.566,2.0,0.792,0.007,0.208,0,0,7,1.643,-0.494
El Salvador,2009,0.597,2.0,0.792,0.007,0.208,0,0,8,1.762,-0.494
El Salvador,2010,0.619,2.0,0.792,0.007,0.208,0,0,8,2.1,-0.494
El Salvador,2011,0.619,2.0,0.792,0.007,0.208,0,0,8,2.1,-0.494
El Salvador,2012,0.624,2.0,0.785,0.007,0.208,0,0,8,2.1,-0.494
El Salvador,2013,0.622,2.0,0.785,0.007,0.3,0,0,8,1.705,-0.494
El Salvador,2014,0.666,2.0,0.778,0.007,0.3,0,0,8,1.705,-0.494
El Salvador,2015,0.661,2.0,0.778,0.007,0.3,0,0,8,1.705,-0.494
El Salvador,2016,0.666,2.0,0.779,0.007,0.25,0,0,8,1.705,-0.494
El Salvador,2017,0.671,2.0,0.708,0.007,0.3,0,0,8,1.705,-0.494
El Salvador,2018,0.635,2.0,0.685,0.007,0.312,0,0,8,2.037,-0.494
El Salvador,2019,0.594,2.0,0.7,0.007,0.429,0,0,,1.002,-0.494
El Salvador,2020,0.522,2.0,0.63,-0.154,0.357,0,0,,0.623,0.019
El Salvador,2021,0.409,1.0,0.51,-0.435,0.357,0,0,,0.279,0.406
El Salvador,2022,0.381,1.0,0.354,-0.512,0.357,0,0,,-0.246,0.406
El Salvador,2023,0.38,1.0,0.484,-0.686,0.357,0,0,,-0.246,0.333
Guatemala,1990,0.369,1.0,0.205,-0.83,0.4,0,0,3,0.044,2.802
Guatemala,1991,0.386,1.0,0.205,-0.83,0.4,0,0,3,0.044,2.802
Guatemala,1992,0.386,1.0,0.205,-0.83,0.4,0,0,3,0.044,2.802
Guatemala,1993,0.388,1.0,0.21,-0.83,0.4,0,0,3,0.044,2.802
Guatemala,1994,0.402,1.0,0.214,-0.83,0.4,0,0,3,0.326,2.802
Guatemala,1995,0.414,1.0,0.232,-0.83,0.4,0,0,3,0.326,2.802
Guatemala,1996,0.452,1.0,0.232,-0.83,0.4,0,0,8,1.079,2.802
Guatemala,1997,0.491,1.0,0.353,0.057,0.3,0,0,8,1.464,0.101
Guatemala,1998,0.491,1.0,0.353,0.057,0.3,0,0,8,1.464,0.101
Guatemala,1999,0.493,1.0,0.331,0.057,0.3,0,0,8,1.464,0.101
Guatemala,2000,0.546,2.0,0.578,0.057,0.3,0,0,8,1.464,0.101
Guatemala,2001,0.546,2.0,0.578,0.057,0.3,0,0,8,1.464,0.101
Guatemala,2002,0.546,2.0,0.578,0.057,0.3,0,0,8,1.464,0.101
Guatemala,2003,0.548,2.0,0.578,0.057,0.3,0,0,8,1.464,0.101
Guatemala,2004,0.562,2.0,0.619,0.057,0.3,0,0,8,1.464,0.101
Guatemala,2005,0.562,2.0,0.619,0.057,0.318,0,0,8,1.464,0.101
Guatemala,2006,0.562,2.0,0.619,0.057,0.318,0,0,8,1.464,0.101
Guatemala,2007,0.568,2.0,0.619,0.057,0.318,0,0,8,1.464,0.101
Guatemala,2008,0.588,2.0,0.623,0.057,0.318,0,0,8,1.464,0.101
Guatemala,2009,0.588,2.0,0.623,0.057,0.318,0,0,8,1.464,0.101
Guatemala,2010,0.583,2.0,0.623,0.057,0.318,0,0,8,1.464,0.101
Guatemala,2011,0.583,2.0,0.623,0.057,0.318,0,0,8,1.464,0.101
Guatemala,2012,0.578,2.0,0.623,0.057,0.318,0,0,8,1.464,0.101
Guatemala,2013,0.573,2.0,0.623,0.057,0.25,0,0,8,1.464,0.101
Guatemala,2014,0.58,2.0,0.623,0.057,0.25,0,0,8,1.464,0.101
Guatemala,2015,0.595,2.0,0.623,0.057,0.25,0,0,8,1.464,0.101
Guatemala,2016,0.626,2.0,0.632,-0.855,0.25,0,0,8,1.464,0.101
Guatemala,2017,0.629,2.0,0.646,-0.855,0.167,0,0,8,1.578,0.035
Guatemala,2018,0.599,2.0,0.669,-0.855,0.278,0,0,8,1.257,0.035
Guatemala,2019,0.604,2.0,0.696,-0.461,0.188,0,0,,0.923,0.035
Guatemala,2020,0.587,2.0,0.705,-0.461,0.188,0,0,,0.53,0.067
Guatemala,2021,0.549,2.0,0.705,-0.461,0.143,0,0,,0.445,0.482
Guatemala,2022,0.507,2.0,0.705,-0.461,0.214,0,0,,0.255,0.539
Guatemala,2023,0.505,2.0,0.718,-0.461,0.0,0,0,,0.255,0.497
Guyana,1990,0.317,1.0,0.715,0.262,0.25,0,0,-7,0.756,-1.241
Guyana,1991,0.313,1.0,0.715,0.262,0.25,0,0,-7,0.756,-1.241
Guyana,1992,0.356,1.0,0.715,0.262,0.25,0,0,6,1.154,-1.187
Guyana,1993,0.445,1.0,0.715,0.262,0.25,0,0,6,0.391,-1.25
Guyana,1994,0.445,1.0,0.715,0.262,0.25,0,0,6,0.391,-1.25
Guyana,1995,0.445,1.0,0.715,0.262,0.25,0,0,6,0.391,-1.25
Guyana,1996,0.445,1.0,0.715,0.262,0.25,0,0,6,0.391,-1.25
Guyana,1997,0.453,1.0,0.715,0.262,0.25,0,0,6,0.391,-1.239
Guyana,1998,0.53,2.0,0.715,0.262,0.25,0,0,6,0.539,-0.92
Guyana,1999,0.529,2.0,0.715,0.262,0.25,0,0,6,0.539,-1.323
Guyana,2000,0.527,2.0,0.566,0.262,0.25,0,0,6,0.539,-1.323
Guyana,2001,0.555,2.0,0.51,0.262,0.25,0,0,6,0.539,-1.059
Guyana,2002,0.568,2.0,0.57,0.262,0.25,0,0,6,0.539,-0.443
Guyana,2003,0.585,2.0,0.57,0.262,0.25,0,0,6,0.974,-0.443
Guyana,2004,0.585,2.0,0.57,0.262,0.25,0,0,6,0.974,-0.904
Guyana,2005,0.585,2.0,0.57,0.262,0.143,0,0,6,0.974,-0.904
Guyana,2006,0.582,2.0,0.583,0.262,0.143,0,0,6,0.974,-0.904
Guyana,2007,0.582,2.0,0.583,0.262,0.143,0,0,6,0.974,-0.904
Guyana,2008,0.583,2.0,0.583,0.262,0.143,0,0,6,1.069,-1.055
Guyana,2009,0.583,2.0,0.577,0.262,0.143,0,0,6,1.069,-1.055
Guyana,2010,0.58,2.0,0.624,0.262,0.143,0,0,6,1.069,-1.075
Guyana,2011,0.581,2.0,0.641,0.262,0.143,0,0,6,1.17,-1.296
Guyana,2012,0.579,2.0,0.641,0.262,0.143,0,0,6,1.17,-1.296
Guyana,2013,0.61,2.0,0.641,0.262,0.083,0,0,6,1.591,-1.296
Guyana,2014,0.608,2.0,0.641,0.262,0.083,0,0,6,1.591,-1.296
Guyana,2015,0.647,2.0,0.841,0.262,0.042,0,0,7,2.229,-0.734
Guyana,2016,0.659,2.0,0.883,0.262,0.056,0,0,7,2.229,-1.927
Guyana,2017,0.661,2.0,0.883,0.262,0.062,0,0,7,2.229,-1.927
Guyana,2018,0.665,2.0,0.883,0.262,0.083,0,0,7,2.229,-1.927
Guyana,2019,0.645,2.0,0.847,0.563,0.083,0,0,,1.895,-1.494
Guyana,2020,0.557,2.0,0.954,0.867,0.167,0,0,,1.895,-1.485
Guyana,2021,0.495,1.0,0.945,0.867,0.2,0,0,,0.985,-1.835
Guyana,2022,0.496,1.0,0.889,0.636,0.25,0,0,,0.985,-1.835
Guyana,2023,0.491,1.0,0.893,0.636,0.125,0,0,,1.6,-0.869
Haiti,1990,0.197,1.0,0.537,-0.454,0.75,0,0,0,-1.555,1.68
Haiti,1991,0.324,1.0,0.581,-0.454,0.188,1,2,-7,-1.555,1.68
Haiti,1992,0.175,0.0,0.437,-0.454,0.75,0,0,-7,-1.693,1.68
Haiti,1993,0.203,0.0,0.437,-0.454,0.208,0,0,-7,-1.693,1.68
Haiti,1994,0.227,0.0,0.46,-0.454,0.188,0,0,6,-1.513,1.639
Haiti,1995,0.346,1.0,0.814,-1.013,0.083,0,0,6,-0.85,1.039
Haiti,1996,0.42,1.0,0.814,-2.043,0.083,0,0,7,-0.667,1.039
Haiti,1997,0.437,1.0,0.876,-2.043,0.0,0,0,7,-0.647,1.039
Haiti,1998,0.439,1.0,0.876,-2.043,0.0,0,0,7,-0.647,1.039
Haiti,1999,0.439,1.0,0.876,-2.043,0.0,0,0,3,-0.647,1.039
Haiti,2000,0.432,1.0,0.876,-2.043,0.0,0,0,-2,-0.647,1.271
Haiti,2001,0.411,1.0,0.852,-2.043,0.0,0,0,-2,-1.085,1.271
Haiti,2002,0.409,1.0,0.808,-2.043,0.0,0,0,-2,-1.699,1.314
Haiti,2003,0.406,1.0,0.781,-2.043,0.0,0,0,-2,-1.699,1.314
Haiti,2004,0.243,1.0,0.716,-2.043,0.0,0,0,0,-0.817,1.692
Haiti,2005,0.237,0.0,0.653,-2.043,0.053,0,0,3,-0.293,1.627
Haiti,2006,0.368,1.0,0.689,-2.043,0.053,0,0,5,-0.293,1.178
Haiti,2007,0.446,1.0,0.796,-2.043,0.053,0,0,5,-0.293,0.917
Haiti,2008,0.447,1.0,0.796,-2.043,0.053,0,0,5,-0.293,0.917
Haiti,2009,0.441,1.0,0.796,-2.043,0.053,0,0,5,-0.293,0.917
Haiti,2010,0.434,1.0,0.796,-2.043,0.053,0,0,0,-0.293,0.917
Haiti,2011,0.418,1.0,0.746,-2.043,0.053,0,0,0,-0.293,0.917
Haiti,2012,0.427,1.0,0.767,-2.043,0.053,0,0,0,-0.293,0.917
Haiti,2013,0.424,1.0,0.727,-2.043,0.062,0,0,0,-0.293,0.917
Haiti,2014,0.424,1.0,0.727,-1.697,0.062,0,0,0,-0.293,0.917
Haiti,2015,0.403,1.0,0.727,-1.697,0.062,0,0,0,-0.293,1.163
Haiti,2016,0.394,1.0,0.743,-1.697,0.062,0,0,5,-0.293,1.163
Haiti,2017,0.404,1.0,0.673,-1.697,0.062,0,0,5,-0.293,1.248
Haiti,2018,0.411,1.0,0.626,-1.697,0.067,0,0,5,-0.293,1.279
Haiti,2019,0.403,1.0,0.632,-1.697,0.077,0,0,,-0.617,1.279
Haiti,2020,0.371,1.0,0.632,-1.697,0.062,0,0,,0.076,1.279
Haiti,2021,0.302,1.0,0.659,-1.271,0.0,0,0,,0.22,2.655
Haiti,2022,0.213,0.0,0.659,-1.271,0.0,0,0,,0.091,2.474
Haiti,2023,0.211,0.0,0.659,-1.986,0.0,0,0,,0.091,2.474
Honduras,1990,0.482,1.0,0.449,0.357,0.3,0,0,6,-0.085,-1.979
Honduras,1991,0.491,1.0,0.514,0.357,0.3,0,0,6,-0.085,-1.979
Honduras,1992,0.491,1.0,0.548,0.357,0.3,0,0,6,-0.085,-1.979
Honduras,1993,0.491,1.0,0.548,0.357,0.3,0,0,6,-0.085,-1.979
Honduras,1994,0.529,2.0,0.57,0.357,0.3,0,0,6,-0.085,-1.979
Honduras,1995,0.542,2.0,0.577,0.357,0.3,0,0,6,0.696,-1.979
Honduras,1996,0.548,2.0,0.577,0.357,0.3,0,0,6,1.229,-1.979
Honduras,1997,0.548,2.0,0.602,0.357,0.3,0,0,6,1.229,-1.979
Honduras,1998,0.553,2.0,0.602,0.357,0.3,0,0,6,1.229,-1.979
Honduras,1999,0.554,2.0,0.602,0.357,0.3,0,1,7,1.229,-1.979
Honduras,2000,0.554,2.0,0.602,0.357,0.3,0,0,7,1.229,-1.979
Honduras,2001,0.554,2.0,0.662,0.357,0.3,0,0,7,1.229,-1.979
Honduras,2002,0.557,2.0,0.662,0.357,0.3,0,0,7,1.229,-1.979
Honduras,2003,0.567,2.0,0.685,0.357,0.3,0,0,7,1.722,-1.979
Honduras,2004,0.567,2.0,0.685,0.357,0.3,0,0,7,1.722,-1.979
Honduras,2005,0.562,2.0,0.685,0.357,0.292,0,0,7,1.722,-1.979
Honduras,2006,0.521,2.0,0.724,0.357,0.292,0,0,7,1.613,-1.979
Honduras,2007,0.524,2.0,0.724,0.357,0.292,0,0,7,1.613,-1.979
Honduras,2008,0.52,2.0,0.72,0.357,0.292,0,0,7,1.613,-1.979
Honduras,2009,0.441,1.0,0.498,0.357,0.375,1,1,7,0.491,-0.007
Honduras,2010,0.402,1.0,0.589,0.357,0.292,0,0,7,0.779,-0.269
Honduras,2011,0.415,1.0,0.588,0.357,0.292,0,0,7,0.914,-0.638
Honduras,2012,0.416,1.0,0.625,0.357,0.292,0,0,7,0.949,-0.638
Honduras,2013,0.411,1.0,0.735,0.357,0.312,0,0,7,0.949,-0.638
Honduras,2014,0.428,1.0,0.735,0.357,0.312,0,0,7,0.91,-0.638
Honduras,2015,0.422,1.0,0.697,0.357,0.312,0,0,7,0.91,-0.638
Honduras,2016,0.423,1.0,0.678,0.357,0.312,0,0,7,0.91,0.112
Honduras,2017,0.412,1.0,0.612,0.357,0.286,0,0,7,0.636,0.268
Honduras,2018,0.362,1.0,0.758,0.424,0.286,0,0,7,1.542,-1.127
Honduras,2019,0.368,1.0,0.75,0.424,0.357,0,0,,1.542,-0.96
Honduras,2020,0.372,1.0,0.765,0.631,0.4,0,0,,1.542,-0.96
Honduras,2021,0.39,1.0,0.665,0.631,0.3,0,0,,1.542,-0.123
Honduras,2022,0.534,2.0,0.709,0.631,0.3,0,0,,1.976,-0.486
Honduras,2023,0.538,2.0,0.708,0.631,0.3,0,0,,1.976,0.604
Jamaica,1990,0.577,2.0,0.852,1.812,0.1,0,0,10,2.482,1.052
Jamaica,1991,0.577,2.0,0.852,1.812,0.1,0,0,10,2.482,1.052
Jamaica,1992,0.577,2.0,0.852,1.812,0.1,0,0,10,2.482,1.223
Jamaica,1993,0.62,2.0,0.852,1.812,0.1,0,0,9,2.482,1.042
Jamaica,1994,0.638,2.0,0.852,1.812,0.1,0,0,9,2.482,1.042
Jamaica,1995,0.641,2.0,0.852,1.812,0.1,0,0,9,2.482,1.042
Jamaica,1996,0.645,2.0,0.852,1.812,0.1,0,0,9,2.482,1.042
Jamaica,1997,0.651,2.0,0.852,1.812,0.1,0,0,9,2.482,0.555
Jamaica,1998,0.678,2.0,0.852,1.812,0.1,0,0,9,2.482,0.555
Jamaica,1999,0.678,2.0,0.852,1.812,0.1,0,0,9,2.482,0.555
Jamaica,2000,0.683,2.0,0.852,1.812,0.1,0,0,9,2.482,0.248
Jamaica,2001,0.683,2.0,0.852,1.812,0.1,0,0,9,2.482,0.326
Jamaica,2002,0.706,2.0,0.852,1.812,0.1,0,0,9,2.482,-0.044
Jamaica,2003,0.751,2.0,0.852,1.812,0.1,0,0,9,2.482,-0.044
Jamaica,2004,0.751,2.0,0.852,1.812,0.1,0,0,9,2.482,-0.044
Jamaica,2005,0.756,2.0,0.852,1.812,0.111,0,0,9,2.482,-0.044
Jamaica,2006,0.763,2.0,0.852,1.812,0.111,0,0,9,2.482,-0.044
Jamaica,2007,0.767,2.0,0.852,1.812,0.111,0,0,9,2.482,-0.044
Jamaica,2008,0.776,2.0,0.852,1.812,0.111,0,0,9,2.482,-0.044
Jamaica,2009,0.776,2.0,0.852,1.812,0.111,0,0,9,2.482,-0.044
Jamaica,2010,0.776,2.0,0.859,1.812,0.111,0,0,9,2.482,-0.401
Jamaica,2011,0.773,2.0,0.859,1.812,0.111,0,0,9,2.482,-0.463
Jamaica,2012,0.785,2.0,0.859,1.812,0.111,0,0,9,2.482,-0.463
Jamaica,2013,0.801,2.0,0.85,1.812,0.083,0,0,9,2.371,-0.463
Jamaica,2014,0.801,2.0,0.85,1.812,0.083,0,0,9,2.371,-0.463
Jamaica,2015,0.801,2.0,0.85,1.812,0.083,0,0,9,2.371,-0.463
Jamaica,2016,0.809,2.0,0.85,1.812,0.083,0,0,9,2.371,-0.463
Jamaica,2017,0.815,2.0,0.858,1.812,0.1,0,0,9,2.371,-0.463
Jamaica,2018,0.811,2.0,0.858,1.812,0.1,0,0,9,2.371,-0.463
Jamaica,2019,0.814,3.0,0.887,1.812,0.1,0,0,,2.371,-0.463
Jamaica,2020,0.814,2.0,0.887,1.812,0.125,0,0,,2.371,-0.463
Jamaica,2021,0.806,2.0,0.858,1.421,0.125,0,0,,2.371,-0.463
Jamaica,2022,0.803,2.0,0.882,1.843,0.125,0,0,,2.371,-0.48
Jamaica,2023,0.803,2.0,0.815,1.432,0.125,0,0,,2.371,-0.66
Mexico,1990,0.389,1.0,0.469,1.199,0.071,0,0,0,-0.662,-0.295
Mexico,1991,0.412,1.0,0.498,1.199,0.071,0,0,0,-0.662,-0.295
Mexico,1992,0.437,1.0,0.498,1.199,0.071,0,0,0,-0.662,-0.295
Mexico,1993,0.447,1.0,0.498,1.199,0.071,0,0,0,-0.662,-0.295
Mexico,1994,0.47,1.0,0.498,1.199,0.071,0,0,4,-0.416,0.286
Mexico,1995,0.48,1.0,0.545,1.199,0.071,0,0,4,-0.416,0.01
Mexico,1996,0.508,2.0,0.545,1.199,0.071,0,0,4,-0.416,-0.194
Mexico,1997,0.556,2.0,0.545,1.199,0.071,0,0,6,-0.29,-0.194
Mexico,1998,0.598,2.0,0.545,1.199,0.071,0,0,6,1.008,-0.309
Mexico,1999,0.602,2.0,0.545,1.199,0.071,0,0,6,1.008,-0.309
Mexico,2000,0.664,2.0,0.574,1.086,0.0,0,0,8,1.697,-0.072
Mexico,2001,0.677,2.0,0.556,1.086,0.0,0,0,8,1.697,0.265
Mexico,2002,0.688,2.0,0.556,1.086,0.0,0,0,8,1.697,0.265
Mexico,2003,0.699,2.0,0.556,1.086,0.0,0,0,8,1.697,0.265
Mexico,2004,0.71,2.0,0.556,1.086,0.0,0,0,8,1.697,0.265
Mexico,2005,0.71,2.0,0.556,1.086,0.059,0,0,8,1.697,0.265
Mexico,2006,0.671,2.0,0.487,1.086,0.088,0,0,8,1.457,0.646
Mexico,2007,0.637,2.0,0.528,1.086,0.088,0,0,8,1.475,0.364
Mexico,2008,0.642,2.0,0.528,1.086,0.088,0,0,8,1.475,0.66
Mexico,2009,0.648,2.0,0.528,1.086,0.088,0,0,8,1.475,0.399
Mexico,2010,0.661,2.0,0.499,1.086,0.088,0,0,8,1.414,0.628
Mexico,2011,0.66,2.0,0.499,1.086,0.088,0,0,8,1.414,0.536
Mexico,2012,0.649,2.0,0.502,1.086,0.088,0,0,8,1.475,0.822
Mexico,2013,0.623,2.0,0.505,1.086,0.1,0,0,8,1.369,0.521
Mexico,2014,0.62,2.0,0.484,1.086,0.1,0,0,8,1.369,0.821
Mexico,2015,0.639,2.0,0.518,1.086,0.115,0,0,8,1.369,0.821
Mexico,2016,0.64,2.0,0.518,1.086,0.115,0,0,8,1.369,0.521
Mexico,2017,0.635,2.0,0.518,1.086,0.077,0,0,8,1.249,0.83
Mexico,2018,0.675,2.0,0.518,1.086,0.125,0,0,8,1.399,0.525
Mexico,2019,0.685,2.0,0.499,1.086,0.182,0,0,,1.311,0.78
Mexico,2020,0.663,2.0,0.499,1.086,0.136,0,0,,1.016,0.658
Mexico,2021,0.618,2.0,0.513,1.086,0.091,0,0,,0.743,1.189
Mexico,2022,0.586,2.0,0.513,1.086,0.1,0,0,,0.721,1.409
Mexico,2023,0.549,2.0,0.513,1.086,0.1,0,0,,0.721,0.999
Nicaragua,1990,0.634,2.0,0.838,-0.195,0.2,0,0,6,0.646,-0.54
Nicaragua,1991,0.69,2.0,0.842,-0.195,0.1,0,0,6,1.557,-0.54
Nicaragua,1992,0.691,2.0,0.871,-0.195,0.1,0,0,6,1.557,-0.54
Nicaragua,1993,0.694,2.0,0.871,-0.195,0.1,0,0,6,1.773,-0.54
Nicaragua,1994,0.693,2.0,0.871,-0.195,0.1,0,0,6,1.773,-0.54
Nicaragua,1995,0.692,2.0,0.871,-0.195,0.1,0,0,8,1.773,-0.54
Nicaragua,1996,0.682,2.0,0.871,-0.195,0.1,0,0,8,1.773,-0.54
Nicaragua,1997,0.635,2.0,0.871,-0.195,0.1,0,0,8,1.773,-0.54
Nicaragua,1998,0.635,2.0,0.871,-0.195,0.1,0,0,8,1.773,-0.929
Nicaragua,1999,0.603,2.0,0.871,-0.195,0.1,0,0,8,1.549,-0.929
Nicaragua,2000,0.589,2.0,0.871,-0.411,0.1,0,0,8,1.549,-0.466
Nicaragua,2001,0.592,2.0,0.871,-0.411,0.1,0,0,8,1.549,-0.466
Nicaragua,2002,0.613,2.0,0.871,-0.411,0.1,0,0,8,1.549,-0.466
Nicaragua,2003,0.608,2.0,0.871,-0.411,0.1,0,0,8,1.549,-0.466
Nicaragua,2004,0.608,2.0,0.871,-0.411,0.1,0,0,8,1.549,-0.466
Nicaragua,2005,0.608,2.0,0.871,-0.411,0.115,0,0,8,1.549,-0.466
Nicaragua,2006,0.56,2.0,0.857,-0.542,0.115,0,0,8,0.899,-0.773
Nicaragua,2007,0.457,1.0,0.824,-0.542,0.154,0,0,9,0.452,-0.442
Nicaragua,2008,0.445,1.0,0.824,-0.542,0.154,0,0,9,0.266,-0.442
Nicaragua,2009,0.443,1.0,0.824,-0.542,0.154,0,0,9,0.266,-0.442
Nicaragua,2010,0.436,1.0,0.797,-0.542,0.154,0,0,9,0.266,-0.1
Nicaragua,2011,0.427,1.0,0.769,-1.007,0.154,0,0,9,0.266,-0.1
Nicaragua,2012,0.369,1.0,0.769,-1.099,0.154,0,0,9,0.038,-0.1
Nicaragua,2013,0.323,1.0,0.769,-1.099,0.136,0,0,9,-0.164,-0.1
Nicaragua,2014,0.321,1.0,0.769,-1.099,0.136,0,0,9,-0.456,-0.1
Nicaragua,2015,0.321,1.0,0.769,-1.099,0.136,0,0,9,-0.456,-0.1
Nicaragua,2016,0.309,1.0,0.769,-1.099,0.136,0,0,6,-0.456,-0.1
Nicaragua,2017,0.283,1.0,0.65,-1.099,0.15,0,0,6,-0.538,-0.1
Nicaragua,2018,0.223,1.0,0.16,-1.099,0.222,0,0,6,-1.888,2.193
Nicaragua,2019,0.217,1.0,0.146,-1.099,0.222,0,0,,-1.888,2.057
Nicaragua,2020,0.219,1.0,0.121,-1.185,0.188,0,0,,-1.466,1.543
Nicaragua,2021,0.198,1.0,0.108,-1.736,0.214,0,0,,-2.16,1.346
Nicaragua,2022,0.161,1.0,0.108,-1.648,0.214,0,0,,-3.171,1.314
Nicaragua,2023,0.159,1.0,0.042,-2.062,0.143,0,0,,-2.242,1.104
Panama,1990,0.475,1.0,0.878,-1.277,0.167,0,0,8,1.107,-1.54
Panama,1991,0.68,2.0,0.878,-1.277,0.167,0,0,8,1.107,-1.54
Panama,1992,0.696,2.0,0.878,-1.277,0.167,0,0,8,1.107,-1.54
Panama,1993,0.701,2.0,0.878,-1.277,0.167,0,0,8,1.107,-1.54
Panama,1994,0.708,2.0,0.934,-0.74,0.167,0,0,9,1.107,-1.54
Panama,1995,0.711,2.0,0.934,-0.74,0.167,0,0,9,1.107,-1.54
Panama,1996,0.711,2.0,0.934,-0.74,0.167,0,0,9,1.107,-1.54
Panama,1997,0.711,2.0,0.934,-0.74,0.167,0,0,9,1.107,-1.54
Panama,1998,0.7,2.0,0.934,-0.74,0.167,0,0,9,1.107,-1.54
Panama,1999,0.698,2.0,0.934,-0.74,0.167,0,0,9,1.107,-1.54
Panama,2000,0.727,2.0,0.934,-0.74,0.167,0,0,9,1.431,-1.54
Panama,2001,0.733,2.0,0.934,-0.74,0.167,0,0,9,1.431,-1.54
Panama,2002,0.733,2.0,0.934,-0.74,0.167,0,0,9,1.431,-1.54
Panama,2003,0.733,2.0,0.934,-0.74,0.167,0,0,9,1.431,-1.54
Panama,2004,0.736,2.0,0.934,-0.74,0.167,0,0,9,1.431,-1.54
Panama,2005,0.738,2.0,0.934,-0.74,0.071,0,0,9,1.431,-1.54
Panama,2006,0.738,2.0,0.934,-0.74,0.071,0,0,9,1.431,-1.54
Panama,2007,0.738,2.0,0.934,-0.74,0.071,0,0,9,1.431,-1.54
Panama,2008,0.738,2.0,0.934,-0.74,0.071,0,0,9,1.431,-1.54
Panama,2009,0.742,2.0,0.934,-0.74,0.071,0,0,9,1.431,-1.54
Panama,2010,0.744,2.0,0.934,-0.74,0.071,0,0,9,1.191,-1.54
Panama,2011,0.744,2.0,0.934,-0.74,0.071,0,0,9,1.191,-1.54
Panama,2012,0.744,2.0,0.934,-0.74,0.071,0,0,9,1.191,-1.54
Panama,2013,0.748,2.0,0.946,-0.74,0.0,0,0,9,1.451,-1.54
Panama,2014,0.74,2.0,0.946,-0.74,0.0,0,0,9,1.451,-1.54
Panama,2015,0.756,2.0,0.946,-0.74,0.0,0,0,9,1.879,-1.54
Panama,2016,0.756,2.0,0.946,-0.74,0.0,0,0,9,1.879,-1.54
Panama,2017,0.736,2.0,0.946,-0.74,0.0,0,0,9,1.879,-1.54
Panama,2018,0.728,2.0,0.931,-0.74,0.0,0,0,9,1.623,-1.54
Panama,2019,0.731,2.0,0.913,-1.256,0.1,0,0,,1.666,-1.54
Panama,2020,0.73,2.0,0.913,-1.256,0.0,0,0,,1.666,-1.614
Panama,2021,0.738,2.0,0.924,-0.751,0.0,0,0,,1.666,-1.614
Panama,2022,0.727,2.0,0.937,-0.582,0.1,0,0,,1.666,-1.614
Panama,2023,0.725,2.0,0.937,-0.159,0.0,0,0,,2.184,-0.833
Paraguay,1990,0.387,1.0,0.666,-0.608,0.4,0,0,2,1.16,-0.416
Paraguay,1991,0.401,1.0,0.666,-0.608,0.4,0,0,2,1.16,-0.416
Paraguay,1992,0.479,1.0,0.779,-0.608,0.3,0,0,7,1.16,-0.416
Paraguay,1993,0.511,2.0,0.779,-0.232,0.3,0,0,7,1.16,-0.416
Paraguay,1994,0.519,2.0,0.779,-0.232,0.3,0,0,7,1.16,-0.416
Paraguay,1995,0.519,2.0,0.779,-0.232,0.3,0,0,7,1.16,-0.416
Paraguay,1996,0.526,2.0,0.779,-0.232,0.3,0,0,7,1.16,-0.416
Paraguay,1997,0.531,2.0,0.779,-0.228,0.3,0,0,7,1.16,-0.416
Paraguay,1998,0.534,2.0,0.779,-0.228,0.3,0,0,6,1.16,-0.416
Paraguay,1999,0.536,2.0,0.779,-0.228,0.3,0,0,7,1.16,-0.416
Paraguay,2000,0.54,2.0,0.848,-0.228,0.1,0,1,7,1.16,-0.416
Paraguay,2001,0.54,2.0,0.848,-0.228,0.0,0,0,7,1.16,-0.416
Paraguay,2002,0.54,2.0,0.848,-0.228,0.0,0,0,7,1.16,-0.416
Paraguay,2003,0.566,2.0,0.848,-0.228,0.0,0,0,8,1.16,-0.416
Paraguay,2004,0.594,2.0,0.848,-0.228,0.0,0,0,8,1.16,-0.416
Paraguay,2005,0.594,2.0,0.848,-0.228,0.091,0,0,8,1.16,-0.416
Paraguay,2006,0.594,2.0,0.848,-0.228,0.091,0,0,8,1.16,-0.416
Paraguay,2007,0.594,2.0,0.848,-0.228,0.091,0,0,8,1.16,-0.416
Paraguay,2008,0.62,2.0,0.867,-0.228,0.091,0,0,8,1.83,-0.416
Paraguay,2009,0.636,2.0,0.867,-0.228,0.091,0,0,8,2.433,-0.416
Paraguay,2010,0.64,2.0,0.867,0.123,0.091,0,0,8,2.433,-0.416
Paraguay,2011,0.633,2.0,0.867,0.123,0.091,0,0,8,1.971,-0.416
Paraguay,2012,0.609,2.0,0.857,0.123,0.091,0,0,8,1.63,-0.416
Paraguay,2013,0.589,2.0,0.851,0.123,0.136,0,0,9,0.961,-0.416
Paraguay,2014,0.595,2.0,0.851,0.123,0.136,0,0,9,1.09,-0.416
Paraguay,2015,0.591,2.0,0.86,0.123,0.136,0,0,9,0.906,-0.416
Paraguay,2016,0.591,2.0,0.902,0.123,0.1,0,0,9,1.14,-0.416
Paraguay,2017,0.594,2.0,0.902,0.123,0.1,0,0,9,1.14,-0.416
Paraguay,2018,0.584,2.0,0.899,0.123,0.1,0,0,9,1.14,-0.416
Paraguay,2019,0.584,2.0,0.899,0.123,0.056,0,0,,1.14,-0.416
Paraguay,2020,0.582,2.0,0.857,0.123,0.0,0,0,,1.14,-0.416
Paraguay,2021,0.582,2.0,0.857,0.123,0.0,0,0,,1.14,-0.332
Paraguay,2022,0.582,2.0,0.823,0.123,0.0,0,0,,1.14,-0.332
Paraguay,2023,0.575,2.0,0.823,0.123,0.0,0,0,,1.14,-0.332
Peru,1990,0.618,2.0,0.292,,0.25,0,0,8,1.449,2.814
Peru,1991,0.604,2.0,0.292,,0.25,0,0,8,1.449,2.814
Peru,1992,0.25,0.0,0.324,,0.833,0,1,-4,0.367,2.814
Peru,1993,0.255,0.0,0.143,,0.75,0,0,-1,0.367,2.138
Peru,1994,0.251,0.0,0.143,,0.75,0,0,-1,0.367,1.489
Peru,1995,0.288,1.0,0.143,,0.25,0,0,-1,0.367,1.489
Peru,1996,0.365,1.0,0.143,,0.25,0,0,-1,0.367,0.814
Peru,1997,0.365,1.0,0.097,,0.25,0,0,-1,0.367,0.814
Peru,1998,0.353,1.0,0.097,,0.25,0,0,-1,0.367,0.814
Peru,1999,0.353,1.0,0.097,,0.25,0,0,-1,0.367,0.814
Peru,2000,0.418,1.0,0.142,,0.125,0,1,4,0.744,-1.116
Peru,2001,0.728,2.0,0.885,,0.125,0,0,9,2.18,-1.413
Peru,2002,0.797,2.0,0.885,,0.0,0,0,9,2.18,-1.651
Peru,2003,0.797,2.0,0.885,,0.0,0,0,9,2.18,-1.651
Peru,2004,0.795,2.0,0.885,,0.125,0,0,9,2.18,-1.651
Peru,2005,0.795,2.0,0.885,0.766,0.093,0,0,9,2.18,-1.651
Peru,2006,0.793,2.0,0.885,0.624,0.077,0,0,9,1.831,-1.6
Peru,2007,0.801,2.0,0.885,0.624,0.115,0,0,9,1.667,-1.6
Peru,2008,0.805,2.0,0.885,0.624,0.077,0,0,9,1.667,-1.6
Peru,2009,0.799,2.0,0.885,0.624,0.077,0,0,9,1.625,-1.6
Peru,2010,0.806,2.0,0.885,0.624,0.115,0,0,9,1.625,-1.506
Peru,2011,0.811,2.0,0.885,0.624,0.077,0,0,9,1.87,-1.506
Peru,2012,0.823,2.0,0.885,0.542,0.038,0,0,9,1.87,-1.555
Peru,2013,0.82,2.0,0.885,0.542,0.042,0,0,9,2.224,-1.555
Peru,2014,0.82,2.0,0.885,0.542,0.042,0,0,9,2.224,-1.555
Peru,2015,0.816,2.0,0.911,0.542,0.042,0,0,9,1.8,-1.555
Peru,2016,0.781,2.0,0.911,0.753,0.042,0,0,9,1.8,-1.471
Peru,2017,0.788,2.0,0.911,0.753,0.042,0,0,9,1.8,-1.471
Peru,2018,0.807,2.0,0.911,0.753,0.045,0,0,9,2.018,-1.48
Peru,2019,0.802,2.0,0.911,0.753,0.091,0,0,,2.018,-1.48
Peru,2020,0.819,2.0,0.907,0.532,0.05,0,0,,1.76,-0.935
Peru,2021,0.77,2.0,0.917,0.532,0.1,0,0,,1.909,-0.364
Peru,2022,0.745,2.0,0.889,0.824,0.111,0,0,,1.481,0.557
Peru,2023,0.712,2.0,0.874,0.483,0.111,0,0,,0.584,0.12
Suriname,1990,0.731,2.0,0.836,-0.899,0.6,0,0,2,2.52,-1.11
Suriname,1991,0.451,1.0,0.872,-0.899,0.1,0,0,5,2.52,-1.11
Suriname,1992,0.755,2.0,0.872,-0.899,0.1,0,0,5,2.52,-1.11
Suriname,1993,0.757,2.0,0.872,-0.899,0.1,0,0,5,2.52,-1.271
Suriname,1994,0.757,2.0,0.872,-0.899,0.1,0,0,5,2.52,-1.271
Suriname,1995,0.757,2.0,0.872,-0.899,0.1,0,0,5,2.52,-1.271
Suriname,1996,0.768,2.0,0.872,-0.899,0.1,0,0,5,2.52,-1.271
Suriname,1997,0.773,2.0,0.872,-0.899,0.1,0,0,5,2.52,-1.271
Suriname,1998,0.773,2.0,0.872,-0.899,0.1,0,0,5,2.52,-1.524
Suriname,1999,0.773,2.0,0.872,-0.899,0.1,0,0,5,2.52,-1.524
Suriname,2000,0.784,2.0,0.872,-0.899,0.1,0,0,5,2.52,-1.524
Suriname,2001,0.779,2.0,0.872,-0.899,0.1,0,0,5,2.52,-1.524
Suriname,2002,0.779,2.0,0.872,-0.899,0.1,0,0,5,2.52,-1.524
Suriname,2003,0.779,2.0,0.872,-0.899,0.1,0,0,5,2.52,-1.524
Suriname,2004,0.779,2.0,0.872,-0.899,0.1,0,0,5,2.52,-1.524
Suriname,2005,0.776,2.0,0.872,-0.899,0.167,0,0,5,2.52,-1.524
Suriname,2006,0.774,2.0,0.872,-0.899,0.167,0,0,5,2.52,-1.524
Suriname,2007,0.771,2.0,0.872,-0.899,0.167,0,0,5,2.52,-1.524
Suriname,2008,0.772,2.0,0.872,-0.899,0.167,0,0,5,2.52,-1.524
Suriname,2009,0.772,2.0,0.872,-0.899,0.167,0,0,5,2.52,-1.524
Suriname,2010,0.762,2.0,0.872,-0.899,0.167,0,0,5,2.52,-1.524
Suriname,2011,0.753,2.0,0.872,-0.899,0.167,0,0,5,2.52,-1.524
Suriname,2012,0.753,2.0,0.872,-0.899,0.167,0,0,5,2.52,-1.524
Suriname,2013,0.755,2.0,0.851,-0.899,0.4,0,0,5,2.711,-1.524
Suriname,2014,0.755,2.0,0.851,-0.899,0.4,0,0,5,2.711,-1.524
Suriname,2015,0.762,2.0,0.851,-0.899,0.4,0,0,5,2.711,-1.524
Suriname,2016,0.767,2.0,0.837,-0.899,0.25,0,0,5,2.444,-1.524
Suriname,2017,0.757,2.0,0.837,-0.899,0.25,0,0,5,1.89,-1.524
Suriname,2018,0.76,2.0,0.848,-0.899,0.25,0,0,5,1.89,-1.524
Suriname,2019,0.756,2.0,0.845,-0.176,0.167,0,0,,1.89,-1.524
Suriname,2020,0.76,2.0,0.878,-0.514,0.167,0,0,,1.89,-2.211
Suriname,2021,0.764,2.0,0.911,-0.921,0.167,0,0,,2.637,-0.744
Suriname,2022,0.78,2.0,0.895,0.263,0.167,0,0,,2.637,-1.841
Suriname,2023,0.768,3.0,0.921,-0.215,0.0,0,0,,1.435,-0.126
Trinidad and Tobago,1990,0.73,2.0,0.936,1.344,0.0,0,0,8,2.121,0.072
Trinidad and Tobago,1991,0.746,2.0,0.936,1.344,0.0,0,0,8,2.121,-2.192
Trinidad and Tobago,1992,0.765,2.0,0.936,1.344,0.0,0,0,8,2.121,-2.192
Trinidad and Tobago,1993,0.765,2.0,0.936,1.344,0.0,0,0,8,2.121,-2.192
Trinidad and Tobago,1994,0.765,2.0,0.936,1.344,0.0,0,0,8,2.121,-2.192
Trinidad and Tobago,1995,0.76,2.0,0.936,1.344,0.0,0,0,9,2.121,-2.192
Trinidad and Tobago,1996,0.759,2.0,0.936,1.344,0.0,0,0,9,2.121,-2.192
Trinidad and Tobago,1997,0.759,2.0,0.936,1.344,0.0,0,0,9,2.121,-2.192
Trinidad and Tobago,1998,0.759,2.0,0.936,1.344,0.0,0,0,9,2.121,-2.192
Trinidad and Tobago,1999,0.759,2.0,0.936,1.344,0.0,0,0,9,2.121,-2.192
Trinidad and Tobago,2000,0.767,2.0,0.936,1.344,0.0,0,0,9,2.121,-2.192
Trinidad and Tobago,2001,0.731,2.0,0.936,1.344,0.0,0,0,9,2.121,-2.192
Trinidad and Tobago,2002,0.746,2.0,0.936,1.344,0.0,0,0,9,2.121,-2.192
Trinidad and Tobago,2003,0.758,2.0,0.936,1.344,0.0,0,0,9,2.121,-2.192
Trinidad and Tobago,2004,0.758,2.0,0.936,1.344,0.0,0,0,9,2.121,-2.192
Trinidad and Tobago,2005,0.759,3.0,0.936,1.344,0.0,0,0,9,2.121,-2.192
Trinidad and Tobago,2006,0.763,3.0,0.936,1.344,0.0,0,0,9,2.121,-2.192
Trinidad and Tobago,2007,0.76,3.0,0.936,1.344,0.0,0,0,9,2.121,-2.192
Trinidad and Tobago,2008,0.764,3.0,0.936,1.344,0.0,0,0,9,2.121,-2.192
Trinidad and Tobago,2009,0.764,3.0,0.936,1.344,0.0,0,0,9,2.121,-2.192
Trinidad and Tobago,2010,0.775,3.0,0.942,1.344,0.0,0,0,9,2.121,-2.192
Trinidad and Tobago,2011,0.78,3.0,0.942,1.344,0.0,0,0,9,2.121,-2.192
Trinidad and Tobago,2012,0.78,3.0,0.942,1.344,0.0,0,0,9,2.121,-2.192
Trinidad and Tobago,2013,0.746,3.0,0.96,1.344,0.0,0,0,9,2.121,-2.192
Trinidad and Tobago,2014,0.746,3.0,0.96,1.344,0.0,0,0,9,2.121,-2.192
Trinidad and Tobago,2015,0.764,3.0,0.96,1.344,0.0,0,0,9,2.121,-2.192
Trinidad and Tobago,2016,0.754,3.0,0.96,1.344,0.0,0,0,9,2.121,-2.192
Trinidad and Tobago,2017,0.75,3.0,0.944,1.344,0.0,0,0,9,2.121,-2.192
Trinidad and Tobago,2018,0.744,3.0,0.944,1.579,0.0,0,0,9,2.121,-2.192
Trinidad and Tobago,2019,0.75,3.0,0.944,1.579,0.0,0,0,,2.121,-2.192
Trinidad and Tobago,2020,0.753,3.0,0.919,1.401,0.0,0,0,,2.121,-2.192
Trinidad and Tobago,2021,0.77,2.0,0.919,1.401,0.0,0,0,,2.587,-2.192
Trinidad and Tobago,2022,0.755,2.0,0.89,1.401,0.0,0,0,,1.846,-1.767
Trinidad and Tobago,2023,0.755,2.0,0.89,1.401,0.0,0,0,,1.846,-1.767
Uruguay,1990,0.841,3.0,0.964,1.217,0.0,0,0,10,0.603,-1.906
Uruguay,1991,0.841,3.0,0.964,1.217,0.0,0,0,10,0.603,-1.906
Uruguay,1992,0.841,3.0,0.964,1.217,0.0,0,0,10,0.603,-1.906
Uruguay,1993,0.841,3.0,0.964,1.217,0.0,0,0,10,0.603,-1.906
Uruguay,1994,0.842,3.0,0.933,1.217,0.0,0,0,10,0.603,-1.906
Uruguay,1995,0.87,3.0,0.933,1.217,0.0,0,0,10,3.185,-1.906
Uruguay,1996,0.87,3.0,0.977,1.217,0.0,0,0,10,3.185,-1.906
Uruguay,1997,0.87,3.0,0.977,1.217,0.0,0,0,10,3.185,-1.906
Uruguay,1998,0.877,3.0,0.977,1.217,0.0,0,0,10,3.185,-1.906
Uruguay,1999,0.876,3.0,0.977,1.217,0.0,0,0,10,3.185,-1.906
Uruguay,2000,0.874,3.0,0.977,1.217,0.0,0,0,10,3.185,-2.244
Uruguay,2001,0.874,3.0,0.977,1.217,0.0,0,0,10,3.185,-2.244
Uruguay,2002,0.874,3.0,0.977,1.217,0.0,0,0,10,3.185,-2.244
Uruguay,2003,0.874,3.0,0.977,1.217,0.0,0,0,10,3.185,-2.802
Uruguay,2004,0.875,3.0,0.977,1.217,0.0,0,0,10,3.185,-2.802
Uruguay,2005,0.889,3.0,0.977,1.217,0.056,0,0,10,3.185,-2.802
Uruguay,2006,0.892,3.0,0.977,1.217,0.056,0,0,10,3.185,-2.802
Uruguay,2007,0.892,3.0,0.977,1.217,0.056,0,0,10,3.185,-2.802
Uruguay,2008,0.892,3.0,0.977,1.217,0.056,0,0,10,3.185,-2.802
Uruguay,2009,0.894,3.0,0.977,1.217,0.056,0,0,10,3.185,-2.802
Uruguay,2010,0.912,3.0,0.977,1.217,0.1,0,0,10,3.185,-2.802
Uruguay,2011,0.912,3.0,0.977,1.217,0.1,0,0,10,3.185,-2.802
Uruguay,2012,0.912,3.0,0.977,1.217,0.1,0,0,10,3.185,-2.802
Uruguay,2013,0.912,3.0,0.946,1.217,0.111,0,0,10,3.185,-2.802
Uruguay,2014,0.911,3.0,0.946,1.217,0.111,0,0,10,3.185,-2.802
Uruguay,2015,0.897,3.0,0.946,1.217,0.067,0,0,10,3.185,-2.802
Uruguay,2016,0.897,3.0,0.946,1.217,0.067,0,0,10,3.185,-2.802
Uruguay,2017,0.889,3.0,0.98,1.217,0.071,0,0,10,2.33,-2.802
Uruguay,2018,0.9,3.0,0.98,1.217,0.077,0,0,10,2.33,-2.802
Uruguay,2019,0.898,3.0,0.98,1.217,0.091,0,0,,2.33,-2.802
Uruguay,2020,0.87,3.0,0.98,1.09,0.136,0,0,,1.446,-3.29
Uruguay,2021,0.857,3.0,0.966,1.09,0.05,0,0,,2.168,-3.29
Uruguay,2022,0.819,3.0,0.966,1.09,0.111,0,0,,1.884,-2.805
Uruguay,2023,0.834,3.0,0.966,1.207,0.125,0,0,,1.884,-3.162
Venezuela,1990,0.739,2.0,0.806,0.497,0.143,0,0,9,1.875,-1.089
Venezuela,1991,0.743,2.0,0.806,0.497,0.143,0,0,9,1.875,-1.089
Venezuela,1992,0.733,2.0,0.806,0.497,0.143,0,2,8,1.875,0.288
Venezuela,1993,0.745,2.0,0.806,0.497,0.143,0,0,8,1.875,-1.303
Venezuela,1994,0.751,2.0,0.836,0.497,0.143,0,0,8,1.875,-1.303
Venezuela,1995,0.751,2.0,0.836,0.497,0.143,0,0,8,1.875,-1.728
Venezuela,1996,0.751,2.0,0.836,0.497,0.143,0,0,8,1.875,-1.728
Venezuela,1997,0.749,2.0,0.836,0.497,0.143,0,0,8,1.875,-1.728
Venezuela,1998,0.733,2.0,0.82,0.497,0.143,0,0,8,1.993,-1.234
Venezuela,1999,0.67,2.0,0.792,-0.026,0.071,0,0,7,0.963,-0.657
Venezuela,2000,0.573,2.0,0.781,-1.023,0.143,0,0,7,0.472,0.345
Venezuela,2001,0.532,2.0,0.755,-1.023,0.143,0,0,6,0.472,0.345
Venezuela,2002,0.499,1.0,0.722,-1.023,0.143,0,1,6,0.052,0.745
Venezuela,2003,0.483,1.0,0.678,-1.023,0.143,0,0,6,0.175,0.985
Venezuela,2004,0.472,1.0,0.678,-1.023,0.143,0,0,6,0.175,0.822
Venezuela,2005,0.471,1.0,0.678,-1.023,0.194,0,0,6,0.175,0.928
Venezuela,2006,0.453,1.0,0.728,-1.023,0.167,0,0,5,0.175,0.738
Venezuela,2007,0.434,1.0,0.728,-1.023,0.139,0,0,5,0.043,0.891
Venezuela,2008,0.433,1.0,0.728,-1.023,0.139,0,0,5,0.043,0.737
Venezuela,2009,0.43,1.0,0.71,-1.023,0.139,0,0,-3,0.043,0.979
Venezuela,2010,0.42,1.0,0.704,-1.161,0.139,0,0,-3,-0.313,1.344
Venezuela,2011,0.414,1.0,0.704,-1.161,0.132,0,0,-3,-0.366,1.667
Venezuela,2012,0.401,1.0,0.678,-1.161,0.158,0,0,-3,-0.424,1.856
Venezuela,2013,0.324,1.0,0.58,-1.161,0.333,0,0,4,-0.357,2.089
Venezuela,2014,0.31,1.0,0.5,-1.441,0.3,0,0,4,-0.379,2.285
Venezuela,2015,0.297,1.0,0.473,-1.441,0.333,0,0,4,-0.457,2.497
Venezuela,2016,0.292,1.0,0.521,-1.441,0.3,0,0,4,-0.554,2.81
Venezuela,2017,0.232,1.0,0.339,-1.441,0.3,0,0,-3,-0.734,3.067
Venezuela,2018,0.215,1.0,0.248,-1.441,0.286,0,0,-3,-0.819,2.966
Venezuela,2019,0.208,1.0,0.169,-1.545,0.321,0,0,,-0.85,2.333
Venezuela,2020,0.206,1.0,0.186,-1.504,0.25,0,0,,-1.061,1.72
Venezuela,2021,0.215,1.0,0.18,-1.655,0.385,0,0,,-1.004,1.585
Venezuela,2022,0.211,1.0,0.194,-1.655,0.346,0,0,,-1.004,1.558
Venezuela,2023,0.207,1.0,0.19,-1.769,0.346,0,0,,-1.036,1.558
