country,iso2,population_total,gdp_constant_2015_usd,gdp_per_capita_constant_2015_usd,inflation_consumer_prices_pct,real_interest_rate,official_exchange_rate,fdi_net_inflows_pct_gdp,debt_service_pct_exports,current_account_pct_gdp,reserves_months_imports,resource_rents_pct_gdp,trade_openness_pct_gdp,oda_received_pct_gni,wgi_rule_of_law,wgi_govt_effectiveness,wgi_control_of_corruption,wgi_political_stability,military_expenditure_pct_gdp,military_expenditure_current_usd,military_personnel_total,population_total_year,gdp_constant_2015_usd_year,gdp_per_capita_constant_2015_usd_year,inflation_consumer_prices_pct_year,real_interest_rate_year,official_exchange_rate_year,fdi_net_inflows_pct_gdp_year,debt_service_pct_exports_year,current_account_pct_gdp_year,reserves_months_imports_year,resource_rents_pct_gdp_year,trade_openness_pct_gdp_year,oda_received_pct_gni_year,wgi_rule_of_law_year,wgi_govt_effectiveness_year,wgi_control_of_corruption_year,wgi_political_stability_year,military_expenditure_pct_gdp_year,military_expenditure_current_usd_year,military_personnel_total_year
Argentina,AR,45696159,583738758865.705,12774.3506596628,219.883929014578,-47.4304580263773,914.694883333333,1.82409522925391,38.2533536654791,0.893118418089374,3.55326074207239,2.65308888983975,27.929760849367,0.040758200266422,-0.410826534032822,-0.377517342567444,-0.360883951187134,-0.127517908811569,0.618350391157195,4177618452.20522,103000,2024,2024,2024,2024,2024,2024,2024,2024,2024,2024,2021,2024,2023,2023,2023,2023,2023,2024,2024,2020
Belize,BZ,417072,2623588473.35997,6290.49294452749,3.28955985952768,6.91843305520634,2,4.00992513639046,7.67121131772208,-1.61270028881818,3.18652304107597,0.523036536890701,108.972446521476,1.08319954119534,-0.635611891746521,-0.376311779022217,-0.226113811135292,0.58532577753067,0.898885869151742,30137800,2000,2024,2024,2024,2024,2024,2024,2024,2024,2024,2024,2021,2024,2023,2023,2023,2023,2023,2024,2024,2020
Bolivia,BO,12413315,37806175459.3053,3045.61476602385,5.09976568317427,8.4388029688758,6.91,0.705218407730592,17.787635656929,-2.56382553539757,1.84915032205589,9.46769419569564,46.9778716148403,1.49625231245653,-1.21933794021606,-0.639481067657471,-0.838301062583923,-0.313183635473251,1.37066364312669,655130126.365488,71000,2024,2024,2024,2024,2023,2024,2024,2024,2024,2024,2021,2024,2023,2023,2023,2023,2023,2024,2024,2020
Brazil,BR,211998573,2028136094548.34,9566.74408628371,4.36746407652337,34.7285151444461,5.3889349057096,3.38960802616211,26.7439339145718,-3.02715961462093,7.95558614184571,7.94111199933246,35.5845239385389,0.0329925461852714,-0.308802843093872,-0.546764314174652,-0.503643155097961,-0.408567786216736,0.972774559040702,20947723265.0291,762000,2024,2024,2024,2024,2024,2024,2024,2024,2024,2024,2021,2024,2023,2023,2023,2023,2023,2024,2024,2020
Chile,CL,19764771,288158504434.814,14579.4001071307,4.29763891572524,2.54731216179179,943.572167421488,3.79129110936144,,-1.46933081175439,4.1513186825607,16.9044168802743,63.859857248066,0.0264884442017967,0.625093758106232,0.71755576133728,0.968603789806366,0.13615994155407,1.57780388625485,5105441707.26122,114000,2024,2024,2024,2024,2018,2024,2024,,2024,2024,2021,2024,2017,2023,2023,2023,2023,2024,2024,2020
Colombia,CO,52886363,362990610076.174,6863.59563194342,6.60908593728228,9.78943442272312,4074.43416666667,3.26725610813097,42.9975933296769,-1.64274510323396,7.34949933231181,5.32396445388134,37.0254687077888,0.28899502663605,-0.458272933959961,-0.075877919793129,-0.309191286563873,-0.717313230037689,3.35903368303836,15096259111.9062,428000,2024,2024,2024,2024,2024,2024,2024,2024,2024,2024,2021,2024,2023,2023,2023,2023,2023,2024,2024,2020
Costa Rica,CR,5129910,76264229553.4307,14866.5823676109,-0.412853001047069,7.28433911155082,515.109771921403,5.55680052586902,,-1.30974019221641,4.25773269002409,0.763407374189705,71.3310137687617,0.179665709895736,0.389316648244858,0.260196477174759,0.653749406337738,0.984186828136444,,0,10000,2024,2024,2024,2024,2024,2024,2024,,2024,2024,2021,2024,2023,2023,2023,2023,2023,,2024,2020
Cuba,CU,10979783,81046145427.2561,7381.39774048869,,,0.821999999,,,,,0.565351678337536,124.863238865053,0.48883523216247,-0.453039199113846,-0.475527822971344,-0.0550908595323563,0.384215950965881,2.87620737245072,128609126.95598,76000,2024,2024,2024,,,1974,,,,,2020,2024,2019,2023,2023,2023,2023,2018,2018,2020
Dominican Republic,DO,11427557,104773032846.36,9168.45418897141,3.30223338951227,10.5315509404639,59.5651333333333,3.6013993607877,22.0407214085418,-3.35301311831687,3.64946165656216,2.07711318519727,51.7835143952326,0.576772865819527,-0.128592282533646,0.12803441286087,-0.449474930763245,0.239014014601707,0.782420068931067,980991970.499619,71000,2024,2024,2024,2024,2024,2024,2024,2024,2024,2024,2021,2024,2023,2023,2023,2023,2023,2024,2024,2020
Ecuador,EC,18135478,108801876280.216,5999.39391066593,1.54732515615369,,1,0.355365031150455,21.8576635137655,5.6617463022325,2.19763434276592,6.69943720189179,57.2031395531255,0.46879492506776,-0.957790791988373,-0.494244992733002,-0.647337436676025,-0.338139981031418,2.22194770434425,2698000000,42000,2024,2024,2024,2024,,2024,2024,2024,2024,2024,2021,2024,2023,2023,2023,2023,2023,2024,2024,2020
El Salvador,SV,6338193,29062047321.2665,4585.22599757795,0.853782292567288,,1,2.61241857793703,96.1985835283834,-1.78863112269138,2.11106481254746,0.535264947589614,84.6596461582312,1.57279163211288,-0.369357317686081,0.0504390224814415,-0.561315059661865,0.00233239983208477,1.18611916982816,425200000,42000,2024,2024,2024,2024,,2024,2024,2024,2024,2024,2021,2024,2023,2023,2023,2023,2023,2024,2024,2020
Guatemala,GT,18406359,83989981406.9695,4563.09590652717,2.86992752918294,8.42792235239029,7.7585375,1.63251851384265,9.56215520029921,2.88715534683158,7.385332106569,1.92928512463796,47.344196760267,0.43638392080902,-1.07527709007263,-0.897167265415192,-1.12161290645599,-0.244364932179451,0.367622067360881,415185334.034068,43000,2024,2024,2024,2024,2024,2024,2024,2024,2024,2024,2021,2024,2023,2023,2023,2023,2023,2024,2024,2020
Guyana,GY,831087,27454923839.2682,33034.9576389333,2.90395226446373,6.9220971861463,208.5,34.9900722943113,2.88572767868533,13.9022287975489,0.849936413375677,33.6832711741997,194.350757310172,1.03606001670447,-0.342232912778854,-0.294486999511719,-0.383745014667511,-0.05517203733325,0.868162254451279,201841558.938087,3000,2024,2024,2024,2024,2024,2024,2024,2024,2023,2023,2021,2005,2023,2023,2023,2023,2023,2024,2024,2020
Haiti,HT,11772557,13595808327.3781,1154.87300909888,26.9490564091987,-13.1530212648201,131.810991666667,0.0792936453462934,63.162658981726,-0.575392767938853,6.77785912681952,0.327641965983974,22.2478853726107,5.42767629221563,-1.3636075258255,-2.22533392906189,-1.44387412071228,-1.43452179431915,0.068443100204951,19751091.2623219,1000,2024,2024,2024,2024,2023,2024,2024,2024,2024,2024,2021,2024,2023,2023,2023,2023,2023,2024,2024,2020
Honduras,HN,10825703,27858556649.7637,2573.37159995648,4.60621098127107,10.3691964513557,24.7992824415521,3.52903749551745,18.1160284769388,-4.44681700505729,4.4557962039058,1.22455313744521,91.1101585856976,1.734300280415,-1.09500813484192,-0.795222759246826,-1.11195814609528,-0.45921716094017,1.57536270602411,581271651.183095,23000,2024,2024,2024,2024,2024,2024,2024,2024,2024,2024,2021,2024,2023,2023,2023,2023,2023,2024,2024,2020
Jamaica,JM,2839175,17308839319.8134,6096.4327030963,5.41194447981659,6.8032632295611,156.439540115298,1.38581813054415,31.8505046193829,3.08347476646198,5.45473168929283,0.457652062306756,,0.408973946873009,-0.174516573548317,0.407290458679199,-0.112082988023758,0.384837329387665,1.27385736005958,262511269.974231,6000,2024,2024,2024,2024,2024,2024,2024,2024,2024,2023,2021,,2023,2023,2023,2023,2023,2024,2024,2020
Mexico,MX,130861007,1350022500028.81,10316.4611902215,4.72225588452932,6.02283547069742,18.3048583333333,2.44924957519445,9.51997025016336,-0.901772757867301,3.54735730388049,3.64307338835023,74.5889079825143,0.0257549902304684,-0.806393921375275,-0.198361441493034,-1.02057874202728,-0.630761027336121,0.893257529320534,16726425452.0934,341000,2024,2024,2024,2024,2024,2024,2024,2024,2024,2024,2021,2024,2023,2023,2023,2023,2023,2024,2024,2020
Nicaragua,NI,6916140,15841222424.9421,2290.47162505995,4.62473841057141,3.66069734938786,36.6243,6.86656428120852,21.3938317535199,4.1516146905653,5.7217483600712,3.84080893833151,98.5258377100159,3.42232523645269,-1.27818691730499,-1.08494555950165,-1.38844013214111,-0.125550046563148,0.545131278321867,105264016.309888,12000,2024,2024,2024,2024,2024,2024,2024,2024,2024,2024,2021,2024,2023,2023,2023,2023,2023,2024,2024,2020
Panama,PA,4515577,77318963569.7031,17122.720655567,0.693225551004538,4.61035292217228,1,3.74510335231647,,1.93266864803743,2.06778816529506,3.6647948599442,83.6737787798304,0.514147462562358,-0.3459812104702,-0.209720730781555,-0.62809419631958,0.213101848959923,0.974136501313688,0,28000,2024,2024,2024,2024,2022,2024,2024,,2024,2024,2021,2024,2023,2023,2023,2023,2023,1999,2024,2020
Paraguay,PY,6929153,46015383701.3623,6640.83816613117,3.83540271728533,3.74521256188977,7560.24758837744,2.46843780233781,11.0611568256561,-3.43605399756594,5.98970843850399,1.34701587848651,76.8311565430624,0.537689267584597,-0.582174599170685,-0.462065368890762,-1.05772292613983,0.0820416286587715,0.933106143624753,413971348.08491,29000,2024,2024,2024,2024,2021,2024,2024,2024,2024,2023,2021,2024,2023,2023,2023,2023,2023,2024,2024,2020
Peru,PE,34217848,229642617310.3,6711.19403272527,2.00770739412712,7.73476381927593,3.7525,2.35092628744149,17.1119312052217,2.2093667985816,10.541729235702,12.7247082349187,51.4758878672647,0.232017560477485,-0.538132667541504,-0.491872787475586,-0.721040904521942,-0.52178555727005,0.909288680359786,2565268613.71996,158000,2024,2024,2024,2024,2022,2024,2024,2024,2024,2024,2021,2024,2023,2023,2023,2023,2023,2024,2024,2020
Suriname,SR,634431,4597250505.9213,7246.2576795921,16.2296159130279,1.75968116241682,33.1805516666667,-0.850285319023894,25.0550344798659,0.210701272128564,6.50750845783376,9.59272209392741,90.9613941465855,1.38075140695505,-0.0622574500739574,-0.967238128185272,-0.404351592063904,0.412738472223282,,,2000,2024,2024,2024,2024,2024,2024,2024,2023,2024,2024,2021,2010,2023,2023,2023,2023,2023,,,2020
Trinidad and Tobago,TT,1368333,22320911476.7121,16312.4849555716,0.526884625776839,7.63507008462009,6.75012324870591,-1.76782828873977,,2.51810824357524,5.72796828685541,7.85936855870429,,0.0205897773805389,-0.283585637807846,-0.0436432547867298,-0.374148547649384,0.401362389326096,0.921416388185832,234544782.155796,5000,2024,2024,2024,2024,2024,2024,2024,,2024,2024,2021,,2010,2023,2023,2023,2023,2024,2024,2020
Uruguay,UY,3386588,64204978531.9491,18958.6033293537,4.84914366613156,5.39595354614294,40.2127875,-4.86239476784597,,-0.781685795631197,7.73110392804798,1.92773520463627,52.4649167856379,0.0677663896408513,0.717662572860718,0.850249707698822,1.57394731044769,0.964887142181396,2.31053827798919,1736764487.451,22000,2024,2024,2024,2024,2024,2024,2024,,2024,2024,2021,2024,2017,2023,2023,2023,2023,2024,2024,2020
Venezuela,VE,28405543,42637366965.0064,1501.02277449885,254.948534781816,-89.4708018720893,9.975,1.36272366359347,,-3.42735582137767,3.65381748319002,11.8465082797294,26.0811657596499,0.39205716032986,-2.15153360366821,-1.599200963974,-1.69000518321991,-1.18902802467346,0.500704497643446,0,343000,2024,2024,2024,2016,2017,2017,2024,,2016,2016,2014,2024,2023,2023,2023,2023,2023,2023,2024,2020
