country_name,ccode,country_text_id,e_regionpol_6C,year,e_gdppc,e_polity2,e_pt_coup,e_pt_coup_attempts,v2regendtype,v2csreprss,v2caviol,v2x_regime,v2x_clphy,v2cagenmob,v2x_polyarchy,v2stcritapparm,v2x_ex_confidence,v2x_ex_direlect,v2x_ex_military,v2x_ex_party
Mexico,70,MEX,2,1990,24.396,0,0,0,9,-0.662,-0.295,1,0.469,0.308,0.389,1.199,0,1,0.071,0.143
Mexico,70,MEX,2,1991,25.077,0,0,0,9,-0.662,-0.295,1,0.498,0.686,0.412,1.199,0,1,0.071,0.143
Mexico,70,MEX,2,1992,25.561,0,0,0,9,-0.662,-0.295,1,0.498,0.969,0.437,1.199,0,1,0.071,0.143
Mexico,70,MEX,2,1993,25.967,0,0,0,9,-0.662,-0.295,1,0.498,0.969,0.447,1.199,0,1,0.071,0.143
Mexico,70,MEX,2,1994,26.101,4,0,0,9,-0.416,0.286,1,0.498,1.578,0.47,1.199,0,1,0.071,0.143
Mexico,70,MEX,2,1995,25.434,4,0,0,9,-0.416,0.01,1,0.545,0.646,0.48,1.199,0,1,0.071,0.143
Mexico,70,MEX,2,1996,25.851,4,0,0,9,-0.416,-0.194,2,0.545,0.646,0.508,1.199,0,1,0.071,0.143
Mexico,70,MEX,2,1997,26.804,6,0,0,9,-0.29,-0.194,2,0.545,0.951,0.556,1.199,0,1,0.071,0.143
Mexico,70,MEX,2,1998,27.712,6,0,0,9,1.008,-0.309,2,0.545,0.639,0.598,1.199,0,1,0.071,0.143
Mexico,70,MEX,2,1999,28.538,6,0,0,9,1.008,-0.309,2,0.545,0.639,0.602,1.199,0,1,0.071,0.143
Mexico,70,MEX,2,2000,29.475,8,0,0,13,1.697,-0.072,2,0.574,1.264,0.664,1.086,0,1,0,0
Mexico,70,MEX,2,2001,29.721,8,0,0,13,1.697,0.265,2,0.556,0.952,0.677,1.086,0,1,0,0
Mexico,70,MEX,2,2002,29.761,8,0,0,13,1.697,0.265,2,0.556,0.952,0.688,1.086,0,1,0,0
Mexico,70,MEX,2,2003,29.941,8,0,0,13,1.697,0.265,2,0.556,0.952,0.699,1.086,0,1,0,0
Mexico,70,MEX,2,2004,30.521,8,0,0,13,1.697,0.265,2,0.556,1.156,0.71,1.086,0,1,0,0
Mexico,70,MEX,2,2005,31.174,8,0,0,13,1.697,0.265,2,0.556,1.156,0.71,1.086,0,1,0.059,0
Mexico,70,MEX,2,2006,31.873,8,0,0,13,1.457,0.646,2,0.487,1.753,0.671,1.086,0,1,0.088,0.029
Mexico,70,MEX,2,2007,32.268,8,0,0,13,1.475,0.364,2,0.528,0.96,0.637,1.086,0,1,0.088,0
Mexico,70,MEX,2,2008,32.279,8,0,0,13,1.475,0.66,2,0.528,0.83,0.642,1.086,0,1,0.088,0
Mexico,70,MEX,2,2009,31.734,8,0,0,13,1.475,0.399,2,0.528,0.951,0.648,1.086,0,1,0.088,0
Mexico,70,MEX,2,2010,32.25,8,0,0,13,1.414,0.628,2,0.499,0.783,0.661,1.086,0,1,0.088,0
Mexico,70,MEX,2,2011,32.958,8,0,0,13,1.414,0.536,2,0.499,1.324,0.66,1.086,0,1,0.088,0
Mexico,70,MEX,2,2012,33.482,8,0,0,13,1.475,0.822,2,0.502,1.552,0.649,1.086,0,1,0.088,0
Mexico,70,MEX,2,2013,33.742,8,0,0,13,1.369,0.521,2,0.505,1.303,0.623,1.086,0,1,0.1,0
Mexico,70,MEX,2,2014,33.886,8,0,0,13,1.369,0.821,2,0.484,1.283,0.62,1.086,0,1,0.1,0
Mexico,70,MEX,2,2015,33.828,8,0,0,13,1.369,0.821,2,0.518,1.216,0.639,1.086,0,1,0.115,0
Mexico,70,MEX,2,2016,34.098,8,0,0,13,1.369,0.521,2,0.518,0.584,0.64,1.086,0,1,0.115,0
Mexico,70,MEX,2,2017,34.425,8,0,0,13,1.249,0.83,2,0.518,0.759,0.635,1.086,0,1,0.077,0
Mexico,70,MEX,2,2018,34.575,8,0,0,13,1.399,0.525,2,0.518,0.405,0.675,1.086,0,1,0.125,0
Mexico,70,MEX,2,2019,34.308,NA,0,0,13,1.311,0.78,2,0.499,0.839,0.685,1.086,0,1,0.182,0
Mexico,70,MEX,2,2020,NA,NA,0,0,13,1.016,0.658,2,0.499,0.056,0.663,1.086,0,1,0.136,0
Mexico,70,MEX,2,2021,NA,NA,0,0,13,0.743,1.189,2,0.513,-0.433,0.618,1.086,0,1,0.091,0.045
Mexico,70,MEX,2,2022,NA,NA,0,0,13,0.721,1.409,2,0.513,0.226,0.586,1.086,0,1,0.1,0
Mexico,70,MEX,2,2023,NA,NA,0,0,13,0.721,0.999,2,0.513,0.537,0.549,1.086,0,1,0.1,0
Mexico,70,MEX,2,2024,NA,NA,0,0,NA,0.362,1.479,2,0.417,0.12,0.505,1.086,0,1,0.111,0.167
Suriname,115,SUR,2,1990,17.115,2,0,0,9,2.52,-1.11,2,0.836,-0.909,0.731,-0.899,1,0,0.6,0
Suriname,115,SUR,2,1991,16.97,5,0,0,13,2.52,-1.11,1,0.872,-0.909,0.451,-0.899,1,0,0.1,0
Suriname,115,SUR,2,1992,16.687,5,0,0,13,2.52,-1.11,2,0.872,-0.909,0.755,-0.899,1,0,0.1,0
Suriname,115,SUR,2,1993,16.305,5,0,0,13,2.52,-1.271,2,0.872,-0.991,0.757,-0.899,1,0,0.1,0
Suriname,115,SUR,2,1994,16.26,5,0,0,13,2.52,-1.271,2,0.872,-0.991,0.757,-0.899,1,0,0.1,0
Suriname,115,SUR,2,1995,16.282,5,0,0,13,2.52,-1.271,2,0.872,-0.991,0.757,-0.899,1,0,0.1,0
Suriname,115,SUR,2,1996,16.474,5,0,0,13,2.52,-1.271,2,0.872,-0.991,0.768,-0.899,1,0,0.1,0
Suriname,115,SUR,2,1997,16.782,5,0,0,13,2.52,-1.271,2,0.872,-0.991,0.773,-0.899,1,0,0.1,0
Suriname,115,SUR,2,1998,16.951,5,0,0,13,2.52,-1.524,2,0.872,0.06,0.773,-0.899,1,0,0.1,0
Suriname,115,SUR,2,1999,16.985,5,0,0,13,2.52,-1.524,2,0.872,-1.029,0.773,-0.899,1,0,0.1,0
Suriname,115,SUR,2,2000,17.241,5,0,0,13,2.52,-1.524,2,0.872,-0.516,0.784,-0.899,1,0,0.1,0
Suriname,115,SUR,2,2001,17.681,5,0,0,13,2.52,-1.524,2,0.872,-1.003,0.779,-0.899,1,0,0.1,0
Suriname,115,SUR,2,2002,18.315,5,0,0,13,2.52,-1.524,2,0.872,-1.003,0.779,-0.899,1,0,0.1,0
Suriname,115,SUR,2,2003,19.208,5,0,0,13,2.52,-1.524,2,0.872,-1.003,0.779,-0.899,1,0,0.1,0
Suriname,115,SUR,2,2004,20.219,5,0,0,13,2.52,-1.524,2,0.872,-1.003,0.779,-0.899,1,0,0.1,0
Suriname,115,SUR,2,2005,21.232,5,0,0,13,2.52,-1.524,2,0.872,-1.003,0.776,-0.899,1,0,0.167,0
Suriname,115,SUR,2,2006,22.316,5,0,0,13,2.52,-1.524,2,0.872,-1.003,0.774,-0.899,1,0,0.167,0
Suriname,115,SUR,2,2007,23.36,5,0,0,13,2.52,-1.524,2,0.872,-1.003,0.771,-0.899,1,0,0.167,0
Suriname,115,SUR,2,2008,24.382,5,0,0,13,2.52,-1.524,2,0.872,-1.003,0.772,-0.899,1,0,0.167,0
Suriname,115,SUR,2,2009,25.37,5,0,0,13,2.52,-1.524,2,0.872,-1.003,0.772,-0.899,1,0,0.167,0
Suriname,115,SUR,2,2010,26.29,5,0,0,13,2.52,-1.524,2,0.872,-1.003,0.762,-0.899,1,0,0.167,0
Suriname,115,SUR,2,2011,27.162,5,0,0,13,2.52,-1.524,2,0.872,-1.003,0.753,-0.899,1,0,0.167,0
Suriname,115,SUR,2,2012,27.728,5,0,0,13,2.52,-1.524,2,0.872,-1.003,0.753,-0.899,1,0,0.167,0
Suriname,115,SUR,2,2013,27.862,5,0,0,13,2.711,-1.524,2,0.851,-1.003,0.755,-0.899,0,0,0.4,0
Suriname,115,SUR,2,2014,27.354,5,0,0,13,2.711,-1.524,2,0.851,-1.003,0.755,-0.899,0,0,0.4,0
Suriname,115,SUR,2,2015,26.177,5,0,0,13,2.711,-1.524,2,0.851,-1.003,0.762,-0.899,0,0,0.4,0
Suriname,115,SUR,2,2016,25.172,5,0,0,13,2.444,-1.524,2,0.837,-1.003,0.767,-0.899,0.333,0,0.25,0
Suriname,115,SUR,2,2017,24.808,5,0,0,13,1.89,-1.524,2,0.837,-1.003,0.757,-0.899,0.333,0,0.25,0
Suriname,115,SUR,2,2018,24.698,5,0,0,13,1.89,-1.524,2,0.848,-1.003,0.76,-0.899,0.333,0,0.25,0
Suriname,115,SUR,2,2019,24.668,NA,0,0,13,1.89,-1.524,2,0.845,-1.003,0.756,-0.176,0.333,0,0.167,0
Suriname,115,SUR,2,2020,NA,NA,0,0,13,1.89,-2.211,2,0.878,-1.003,0.76,-0.514,0.333,0,0.167,0
Suriname,115,SUR,2,2021,NA,NA,0,0,13,2.637,-0.744,2,0.911,-0.143,0.764,-0.921,0.333,0,0.167,0
Suriname,115,SUR,2,2022,NA,NA,0,0,13,2.637,-1.841,2,0.895,-0.035,0.78,0.263,0.333,0,0.167,0.167
Suriname,115,SUR,2,2023,NA,NA,0,0,13,1.435,-0.126,3,0.921,1.115,0.768,-0.215,0,0,0,0.167
Suriname,115,SUR,2,2024,NA,NA,0,0,NA,1.435,-0.42,2,0.921,1.513,0.768,0.1,0,0,0.167,0.167
Colombia,100,COL,2,1990,17.751,8,0,0,10,-0.453,3.27,1,0.409,1.29,0.472,-0.286,0.333,1,0,0
Colombia,100,COL,2,1991,17.982,9,0,0,13,-0.453,3.055,2,0.417,0.468,0.513,-0.286,0.333,1,0,0
Colombia,100,COL,2,1992,18.403,9,0,0,13,-0.018,3.309,2,0.417,0.468,0.557,0.467,0.333,1,0,0
Colombia,100,COL,2,1993,19.056,9,0,0,13,-0.018,3.309,2,0.374,0.468,0.557,0.467,0.333,1,0,0
Colombia,100,COL,2,1994,19.744,9,0,0,13,-0.018,3.309,2,0.374,0.669,0.557,0.467,0.333,1,0,0
Colombia,100,COL,2,1995,20.246,7,0,0,13,-0.018,3.309,2,0.388,0.669,0.563,0.467,0.333,1,0,0
Colombia,100,COL,2,1996,20.396,7,0,0,13,-0.018,3.309,2,0.388,0.669,0.554,0.467,0.333,1,0,0
Colombia,100,COL,2,1997,20.5,7,0,0,13,-0.018,3.309,2,0.388,0.452,0.554,0.467,0,1,0,0
Colombia,100,COL,2,1998,20.198,7,0,0,13,-0.018,3.309,2,0.388,0.452,0.544,0.467,0,1,0,0
Colombia,100,COL,2,1999,19.692,7,0,0,13,-0.018,3.309,2,0.388,0.452,0.539,0.467,0,1,0,0
Colombia,100,COL,2,2000,19.669,7,0,0,13,-0.018,3.309,2,0.388,0.452,0.548,0.941,0,1,0,0
Colombia,100,COL,2,2001,19.717,7,0,0,13,-0.288,3.309,2,0.388,0.452,0.549,0.941,0,1,0,0
Colombia,100,COL,2,2002,19.899,7,0,0,13,-0.772,3.309,2,0.341,0.781,0.538,0.941,0,1,0,0
Colombia,100,COL,2,2003,20.283,7,0,0,13,0.589,3.309,2,0.502,0.781,0.545,0.941,0,1,0,0
Colombia,100,COL,2,2004,20.91,7,0,0,13,0.589,3.309,2,0.502,0.781,0.546,0.941,0,1,0,0
Colombia,100,COL,2,2005,21.751,7,0,0,13,0.589,2.637,2,0.502,0.781,0.551,0.941,0,1,0,0
Colombia,100,COL,2,2006,22.8,7,0,0,13,0.589,2.637,2,0.502,0.781,0.573,0.941,0,1,0,0
Colombia,100,COL,2,2007,23.928,7,0,0,13,0.724,2.348,2,0.502,0.781,0.589,0.941,0,1,0,0
Colombia,100,COL,2,2008,24.836,7,0,0,13,0.999,2.348,2,0.502,1.277,0.588,0.941,0,1,0,0
Colombia,100,COL,2,2009,25.46,7,0,0,13,0.999,2.348,2,0.534,0.785,0.592,0.941,0,1,0,0
Colombia,100,COL,2,2010,26.384,7,0,0,13,1.198,2.122,2,0.613,0.785,0.626,0.941,0,1,0,0
Colombia,100,COL,2,2011,27.605,7,0,0,13,1.784,1.857,2,0.691,0.582,0.661,0.941,0,1,0,0
Colombia,100,COL,2,2012,28.524,7,0,0,13,1.913,1.857,2,0.693,0.582,0.664,0.941,0,1,0,0
Colombia,100,COL,2,2013,29.332,7,0,0,13,2.811,1.857,2,0.708,0.875,0.669,0.941,0,1,0,0
Colombia,100,COL,2,2014,29.842,7,0,0,13,2.811,1.857,2,0.716,1.074,0.682,0.941,0,1,0,0
Colombia,100,COL,2,2015,29.911,7,0,0,13,2.811,1.663,2,0.713,0.779,0.687,0.941,0,1,0,0
Colombia,100,COL,2,2016,30.027,7,0,0,13,2.909,1.663,2,0.737,0.951,0.688,0.941,0,1,0,0
Colombia,100,COL,2,2017,30.236,7,0,0,13,2.096,1.403,2,0.721,1.156,0.685,0.941,0,1,0,0
Colombia,100,COL,2,2018,30.46,7,0,0,13,1.426,1.897,2,0.638,1.663,0.67,0.941,0,1,0,0
Colombia,100,COL,2,2019,30.629,NA,0,0,13,1.325,1.897,2,0.533,2.748,0.659,0.755,0,1,0,0
Colombia,100,COL,2,2020,NA,NA,0,0,13,0.882,2.654,2,0.547,1.417,0.645,0.943,0,1,0,0
Colombia,100,COL,2,2021,NA,NA,0,0,13,0.595,2.58,2,0.506,3.251,0.658,0.763,0,1,0,0
Colombia,100,COL,2,2022,NA,NA,0,0,13,2.087,2.717,2,0.683,0.358,0.696,0.978,0,1,0,0
Colombia,100,COL,2,2023,NA,NA,0,0,13,2.307,1.656,2,0.683,0.029,0.709,0.978,0,1,0,0
Colombia,100,COL,2,2024,NA,NA,0,0,NA,2.212,1.656,2,0.611,0.667,0.701,0.689,0,1,0,0
Brazil,140,BRA,2,1990,17.265,8,0,0,13,3.229,1.139,2,0.612,0.888,0.814,0.674,0,1,0.143,0
Brazil,140,BRA,2,1991,17.314,8,0,0,13,3.229,0.61,2,0.612,-1.618,0.829,0.674,0.333,1,0.125,0
Brazil,140,BRA,2,1992,17.367,8,0,0,13,3.229,0.61,2,0.612,1.575,0.839,0.674,0.333,1,0.125,0
Brazil,140,BRA,2,1993,17.903,8,0,0,13,3.229,0.191,2,0.612,-1.2,0.842,0.674,0.333,1,0.125,0
Brazil,140,BRA,2,1994,18.706,8,0,0,13,3.229,0.191,2,0.612,-1.2,0.847,0.674,0.333,1,0.125,0
Brazil,140,BRA,2,1995,19.578,8,0,0,13,3.229,0.191,2,0.612,-1.2,0.848,0.674,0.333,1,0.062,0
Brazil,140,BRA,2,1996,20.229,8,0,0,13,3.229,0.191,2,0.612,-1.2,0.85,0.674,0.333,1,0.062,0
Brazil,140,BRA,2,1997,20.45,8,0,0,13,3.229,0.191,2,0.612,-1.2,0.85,0.674,0.333,1,0.062,0
Brazil,140,BRA,2,1998,20.35,8,0,0,13,3.229,0.191,2,0.612,-1.2,0.851,0.674,0.333,1,0.062,0
Brazil,140,BRA,2,1999,20.165,8,0,0,13,3.229,0.191,2,0.612,0.793,0.854,0.674,0.333,1,0.062,0
Brazil,140,BRA,2,2000,20.324,8,0,0,13,3.229,0.191,2,0.612,-0.288,0.857,0.674,0.333,1,0.062,0
Brazil,140,BRA,2,2001,20.344,8,0,0,13,3.229,0.191,2,0.612,0.241,0.857,0.674,0.333,1,0.062,0
Brazil,140,BRA,2,2002,20.444,8,0,0,13,3.229,0.191,2,0.641,0.867,0.858,0.674,0.667,1,0.062,0
Brazil,140,BRA,2,2003,20.69,8,0,0,13,3.229,-0.249,2,0.641,-1.628,0.856,0.674,0.667,1,0.062,0
Brazil,140,BRA,2,2004,21.273,8,0,0,13,3.229,-0.249,2,0.641,-0.108,0.856,0.674,0.667,1,0.062,0
Brazil,140,BRA,2,2005,21.978,8,0,0,13,3.229,-0.249,2,0.727,-0.108,0.873,0.674,0.667,1,0.19,0
Brazil,140,BRA,2,2006,22.892,8,0,0,13,3.229,-0.249,2,0.727,-0.266,0.874,0.674,0.667,1,0.19,0
Brazil,140,BRA,2,2007,24.045,8,0,0,13,3.229,-0.249,2,0.727,-0.266,0.869,0.674,0.667,1,0.19,0
Brazil,140,BRA,2,2008,25.165,8,0,0,13,3.229,-0.249,2,0.727,-0.266,0.869,0.674,0.667,1,0.19,0
Brazil,140,BRA,2,2009,26.01,8,0,0,13,3.229,-0.249,2,0.727,-0.266,0.869,0.674,0.667,1,0.19,0
Brazil,140,BRA,2,2010,27.371,8,0,0,13,3.229,-0.185,2,0.727,-0.069,0.872,0.674,0.667,1,0.19,0
Brazil,140,BRA,2,2011,28.437,8,0,0,13,3.229,0.134,2,0.727,-0.036,0.876,0.674,0.667,1,0.19,0
Brazil,140,BRA,2,2012,28.907,8,0,0,13,2.782,0.134,2,0.727,0.061,0.872,0.674,0.667,1,0.19,0
Brazil,140,BRA,2,2013,29.178,8,0,0,13,2.782,0.389,2,0.727,2.626,0.876,0.674,0.667,1,0.222,0
Brazil,140,BRA,2,2014,28.956,8,0,0,13,2.782,0.647,2,0.727,1.005,0.877,0.674,0.667,1,0.222,0
Brazil,140,BRA,2,2015,28.086,8,0,0,13,2.782,0.732,2,0.727,1.005,0.863,0.674,0.667,1,0.222,0
Brazil,140,BRA,2,2016,26.814,8,0,0,13,2.043,1.041,2,0.731,1.745,0.782,0.607,0.667,1,0.222,0.028
Brazil,140,BRA,2,2017,26.291,8,0,0,13,1.765,1.641,2,0.704,1.19,0.778,0.508,0.667,1,0.235,0.059
Brazil,140,BRA,2,2018,26.001,8,0,0,13,1.377,2.206,2,0.641,1.289,0.753,0.508,0.667,1,0.267,0.033
Brazil,140,BRA,2,2019,25.458,NA,0,0,13,1.121,2.657,2,0.496,1.389,0.698,0.552,0.667,1,0.233,0.033
Brazil,140,BRA,2,2020,NA,NA,0,0,13,1.299,2.843,2,0.461,0.699,0.699,0.552,0.667,1,0.2,0.033
Brazil,140,BRA,2,2021,NA,NA,0,0,13,1.1,2.843,2,0.442,0.662,0.688,0.457,0.667,1,0.2,0.033
Brazil,140,BRA,2,2022,NA,NA,0,0,13,1.1,2.65,2,0.442,1.312,0.699,0.556,0.667,1,0.214,0.036
Brazil,140,BRA,2,2023,NA,NA,0,0,13,2.773,1.934,2,0.757,1.866,0.789,0.65,0.333,1,0.214,0.036
Brazil,140,BRA,2,2024,NA,NA,0,0,NA,2.773,1.934,2,0.757,0.891,0.801,0.65,0.333,1,0.208,0.083
El Salvador,92,SLV,2,1990,7.216,6,0,0,9,-1.849,3.902,1,0.146,3.348,0.214,0.528,0,1,0.2,0.2
El Salvador,92,SLV,2,1991,7.48,6,0,0,9,-1.469,3.902,1,0.186,3.348,0.223,0.528,0,1,0.2,0.2
El Salvador,92,SLV,2,1992,7.887,6,0,0,9,-0.789,0.912,1,0.534,2.033,0.271,0.007,0,1,0.2,0.1
El Salvador,92,SLV,2,1993,8.365,6,0,0,9,0.754,-0.188,1,0.623,0.417,0.375,0.007,0,1,0.2,0.1
El Salvador,92,SLV,2,1994,8.854,7,0,0,13,0.975,-0.188,1,0.698,-0.673,0.468,0.007,0,1,0.2,0.1
El Salvador,92,SLV,2,1995,9.276,7,0,0,13,0.975,-0.188,1,0.733,-0.673,0.48,0.007,0,1,0.2,0.1
El Salvador,92,SLV,2,1996,9.529,7,0,0,13,1.213,-0.188,1,0.763,-0.673,0.482,0.007,0,1,0.2,0.1
El Salvador,92,SLV,2,1997,9.797,7,0,0,13,1.643,-0.188,1,0.763,-0.673,0.489,0.007,0,1,0.2,0.1
El Salvador,92,SLV,2,1998,10.089,7,0,0,13,1.643,-0.188,1,0.763,-0.673,0.488,0.007,0,1,0.1,0
El Salvador,92,SLV,2,1999,10.363,7,0,0,13,1.643,-0.188,2,0.763,-0.673,0.508,0.007,0,1,0.1,0
El Salvador,92,SLV,2,2000,10.585,7,0,0,13,1.643,-0.188,2,0.763,-0.673,0.531,0.007,0,1,0.1,0
El Salvador,92,SLV,2,2001,10.815,7,0,0,13,1.643,-0.188,2,0.763,-0.673,0.54,0.007,0,1,0.1,0
El Salvador,92,SLV,2,2002,11.064,7,0,0,13,1.643,-0.188,2,0.763,-0.673,0.547,0.007,0,1,0.1,0
El Salvador,92,SLV,2,2003,11.31,7,0,0,13,1.643,-0.29,2,0.763,-0.673,0.544,0.007,0,1,0.1,0
El Salvador,92,SLV,2,2004,11.605,7,0,0,13,1.643,-0.29,2,0.792,-0.673,0.543,0.007,0,1,0.1,0
El Salvador,92,SLV,2,2005,11.972,7,0,0,13,1.643,-0.29,2,0.792,-0.673,0.541,0.007,0,1,0.208,0.083
El Salvador,92,SLV,2,2006,12.4,7,0,0,13,1.643,-0.494,2,0.792,-0.673,0.561,0.007,0,1,0.208,0.083
El Salvador,92,SLV,2,2007,12.776,7,0,0,13,1.643,-0.494,2,0.792,-0.673,0.566,0.007,0,1,0.208,0.083
El Salvador,92,SLV,2,2008,13.036,7,0,0,13,1.643,-0.494,2,0.792,-0.673,0.566,0.007,0,1,0.208,0.083
El Salvador,92,SLV,2,2009,13.078,8,0,0,13,1.762,-0.494,2,0.792,-0.673,0.597,0.007,0,1,0.208,0.083
El Salvador,92,SLV,2,2010,13.336,8,0,0,13,2.1,-0.494,2,0.792,-0.673,0.619,0.007,0,1,0.208,0.083
El Salvador,92,SLV,2,2011,13.641,8,0,0,13,2.1,-0.494,2,0.792,-0.673,0.619,0.007,0,1,0.208,0.083
El Salvador,92,SLV,2,2012,13.92,8,0,0,13,2.1,-0.494,2,0.785,-0.673,0.624,0.007,0,1,0.208,0.083
El Salvador,92,SLV,2,2013,14.116,8,0,0,13,1.705,-0.494,2,0.785,-0.673,0.622,0.007,0,1,0.3,0.1
El Salvador,92,SLV,2,2014,14.223,8,0,0,13,1.705,-0.494,2,0.778,-0.673,0.666,0.007,0,1,0.3,0.1
El Salvador,92,SLV,2,2015,14.27,8,0,0,13,1.705,-0.494,2,0.778,-0.673,0.661,0.007,0,1,0.3,0.1
El Salvador,92,SLV,2,2016,14.333,8,0,0,13,1.705,-0.494,2,0.779,-0.673,0.666,0.007,0,1,0.25,0.1
El Salvador,92,SLV,2,2017,14.287,8,0,0,13,1.705,-0.494,2,0.708,-0.673,0.671,0.007,0,1,0.3,0.1
El Salvador,92,SLV,2,2018,14.163,8,0,0,13,2.037,-0.494,2,0.685,-0.673,0.635,0.007,0,1,0.312,0.062
El Salvador,92,SLV,2,2019,13.803,NA,0,0,13,1.002,-0.494,2,0.7,-0.673,0.594,0.007,0.333,1,0.429,0.071
El Salvador,92,SLV,2,2020,NA,NA,0,0,13,0.623,0.019,2,0.63,-1.605,0.522,-0.154,0,1,0.357,0.071
El Salvador,92,SLV,2,2021,NA,NA,0,0,13,0.279,0.406,1,0.51,1.141,0.409,-0.435,0,1,0.357,0.071
El Salvador,92,SLV,2,2022,NA,NA,0,0,13,-0.246,0.406,1,0.354,0.556,0.381,-0.512,0,1,0.357,0.071
El Salvador,92,SLV,2,2023,NA,NA,0,0,13,-0.246,0.333,1,0.484,-0.234,0.38,-0.686,0,1,0.357,0.143
El Salvador,92,SLV,2,2024,NA,NA,0,0,NA,-0.766,0.663,1,0.357,0.325,0.339,-0.692,0,1,0.167,0.083
Bolivia,145,BOL,2,1990,6.762,9,0,0,10,0.8,0.368,2,0.848,0.407,0.652,-0.15,0,0,0.071,0
Bolivia,145,BOL,2,1991,6.948,9,0,0,10,1.456,0.368,2,0.899,0.407,0.692,-0.15,0,0,0.071,0
Bolivia,145,BOL,2,1992,7.08,9,0,0,10,1.456,0.368,2,0.899,0.407,0.707,-0.15,0,0,0.071,0
Bolivia,145,BOL,2,1993,7.272,9,0,0,10,0.79,0.368,2,0.899,0.407,0.712,-0.15,0,0,0.071,0
Bolivia,145,BOL,2,1994,7.503,9,0,0,10,0.79,0.402,2,0.899,0.471,0.726,-0.15,0,0,0.071,0
Bolivia,145,BOL,2,1995,7.753,9,0,0,10,1.441,0.362,2,0.899,0.471,0.737,-0.15,0,0,0.071,0
Bolivia,145,BOL,2,1996,7.994,9,0,0,10,1.441,0.362,2,0.899,0.471,0.737,-0.15,0,0,0.071,0
Bolivia,145,BOL,2,1997,8.189,9,0,0,10,0.791,0.362,2,0.899,1.073,0.739,-0.15,0,0,0.071,0
Bolivia,145,BOL,2,1998,8.321,9,0,0,10,0.791,0.362,2,0.899,1.073,0.738,-0.15,0,0,0.071,0
Bolivia,145,BOL,2,1999,8.341,9,0,0,10,1.468,0.362,2,0.899,1.073,0.744,-0.15,0,0,0.071,0
Bolivia,145,BOL,2,2000,8.354,9,0,0,10,1.468,0.545,2,0.899,1.756,0.744,-0.15,0,0,0.071,0
Bolivia,145,BOL,2,2001,8.403,9,0,0,10,1.468,0.545,2,0.899,0.923,0.744,-0.15,0,0,0.071,0
Bolivia,145,BOL,2,2002,8.471,9,0,0,10,0.347,0.562,2,0.899,0.96,0.727,-0.15,0,0,0.071,0
Bolivia,145,BOL,2,2003,8.586,8,0,0,10,0.982,0.73,2,0.877,2.68,0.722,-0.15,0.333,0,0.071,0
Bolivia,145,BOL,2,2004,8.774,8,0,0,10,1.66,0.479,2,0.889,2.031,0.753,-0.282,0,0,0.071,0
Bolivia,145,BOL,2,2005,9.009,8,0,0,10,1.779,0.504,2,0.889,2.139,0.748,-0.282,0,0,0.1,0
Bolivia,145,BOL,2,2006,9.285,8,0,0,10,1.721,0.533,2,0.889,1.563,0.721,-0.385,0,1,0.1,0
Bolivia,145,BOL,2,2007,9.613,8,0,0,10,1.721,0.533,2,0.889,1.239,0.719,-0.385,0,1,0.067,0.033
Bolivia,145,BOL,2,2008,10.035,8,0,0,10,1.721,0.814,2,0.889,1.485,0.716,-0.385,0,1,0.067,0.033
Bolivia,145,BOL,2,2009,10.387,7,0,0,2,1.721,0.103,2,0.889,1.213,0.712,-0.385,0,1,0.067,0.033
Bolivia,145,BOL,2,2010,10.789,7,0,0,2,1.447,-0.187,2,0.891,0.782,0.685,-0.385,0,1,0.062,0.031
Bolivia,145,BOL,2,2011,11.238,7,0,0,2,1.199,-0.187,2,0.891,1.113,0.681,-0.385,0,1,0.062,0.031
Bolivia,145,BOL,2,2012,11.689,7,0,0,2,1.041,-0.187,2,0.883,0.89,0.674,-0.385,0,1,0.062,0.031
Bolivia,145,BOL,2,2013,12.16,7,0,0,2,0.689,-0.187,2,0.892,0.654,0.661,-0.385,0,1,0.083,0.042
Bolivia,145,BOL,2,2014,12.52,7,0,0,2,0.689,-0.187,2,0.892,0.654,0.646,-0.385,0,1,0.083,0.042
Bolivia,145,BOL,2,2015,12.716,7,0,0,2,0.493,-0.187,2,0.925,0.787,0.617,-0.385,0,1,0.1,0.05
Bolivia,145,BOL,2,2016,13.022,7,0,0,2,0.557,0.006,2,0.902,1.321,0.619,-0.385,0,1,0.1,0.1
Bolivia,145,BOL,2,2017,13.484,7,0,0,1,0.718,-0.191,2,0.926,1.416,0.615,-0.385,0,1,0.05,0.1
Bolivia,145,BOL,2,2018,13.741,7,0,0,1,0.718,-0.191,2,0.926,1.206,0.598,-0.385,0,1,0.05,0.1
Bolivia,145,BOL,2,2019,13.75,NA,0,0,11,0.203,1.669,1,0.791,3.635,0.481,-0.638,0,0,0.15,0.05
Bolivia,145,BOL,2,2020,NA,NA,0,0,13,0.383,1.518,1,0.83,2.743,0.331,-0.696,0,1,0.125,0.188
Bolivia,145,BOL,2,2021,NA,NA,0,0,13,0.78,-0.001,2,0.839,1.332,0.614,-0.52,0,1,0.167,0.25
Bolivia,145,BOL,2,2022,NA,NA,0,0,13,0.551,0.421,2,0.798,2.036,0.589,-0.881,0,1,0.2,0.1
Bolivia,145,BOL,2,2023,NA,NA,0,0,13,0.583,0.185,2,0.784,1.005,0.584,-0.881,0,1,0.3,0.2
Bolivia,145,BOL,2,2024,NA,NA,0,0,NA,0.029,0.671,2,0.784,1.497,0.576,-0.881,0,1,0.3,0.3
Haiti,41,HTI,2,1990,4.782,0,0,0,9,-1.555,1.68,1,0.537,2.117,0.197,-0.454,0.333,0,0.75,0
Haiti,41,HTI,2,1991,4.726,-7,1,2,7,-1.555,1.68,1,0.581,1.627,0.324,-0.454,0.667,0,0.188,0
Haiti,41,HTI,2,1992,4.482,-7,0,0,7,-1.693,1.68,0,0.437,0.766,0.175,-0.454,0.333,0,0.75,0.125
Haiti,41,HTI,2,1993,4.21,-7,0,0,7,-1.693,1.68,0,0.437,0.766,0.203,-0.454,0.5,0.5,0.208,0.062
Haiti,41,HTI,2,1994,3.958,6,0,0,1,-1.513,1.639,0,0.46,0.766,0.227,-0.454,0.5,0.5,0.188,0.062
Haiti,41,HTI,2,1995,4.021,6,0,0,1,-0.85,1.039,1,0.814,1.408,0.346,-1.013,0.5,0.5,0.083,0
Haiti,41,HTI,2,1996,4.102,7,0,0,1,-0.667,1.039,1,0.814,0.564,0.42,-2.043,0.5,0.5,0.083,0
Haiti,41,HTI,2,1997,4.153,7,0,0,1,-0.647,1.039,1,0.876,0.564,0.437,-2.043,0.333,1,0,0
Haiti,41,HTI,2,1998,4.186,7,0,0,1,-0.647,1.039,1,0.876,0.564,0.439,-2.043,0,1,0,0
Haiti,41,HTI,2,1999,4.223,3,0,0,1,-0.647,1.039,1,0.876,0.564,0.439,-2.043,0.5,0.5,0,0
Haiti,41,HTI,2,2000,4.21,-2,0,0,1,-0.647,1.271,1,0.876,1.62,0.432,-2.043,0.667,0.5,0,0
Haiti,41,HTI,2,2001,4.148,-2,0,0,8,-1.085,1.271,1,0.852,1.088,0.411,-2.043,0.5,0.5,0,0
Haiti,41,HTI,2,2002,4.091,-2,0,0,8,-1.699,1.314,1,0.808,1.088,0.409,-2.043,0.5,0.5,0,0
Haiti,41,HTI,2,2003,4.029,-2,0,0,8,-1.699,1.314,1,0.781,1.633,0.406,-2.043,0.667,0.5,0,0
Haiti,41,HTI,2,2004,3.961,0,0,0,9,-0.817,1.692,1,0.716,2.118,0.243,-2.043,0.667,0,0,0
Haiti,41,HTI,2,2005,3.969,3,0,0,9,-0.293,1.627,0,0.653,1.566,0.237,-2.043,0.5,0,0.053,0.133
Haiti,41,HTI,2,2006,3.987,5,0,0,13,-0.293,1.178,1,0.689,1.634,0.368,-2.043,0.5,0.5,0.053,0.133
Haiti,41,HTI,2,2007,4.041,5,0,0,13,-0.293,0.917,1,0.796,0.181,0.446,-2.043,0.5,0.5,0.053,0.133
Haiti,41,HTI,2,2008,4.069,5,0,0,13,-0.293,0.917,1,0.796,0.181,0.447,-2.043,0.5,0.5,0.053,0.133
Haiti,41,HTI,2,2009,4.111,5,0,0,13,-0.293,0.917,1,0.796,0.437,0.441,-2.043,0.5,0.5,0.053,0.133
Haiti,41,HTI,2,2010,4.077,0,0,0,13,-0.293,0.917,1,0.796,0.618,0.434,-2.043,0.5,0.5,0.053,0.133
Haiti,41,HTI,2,2011,4.128,0,0,0,13,-0.293,0.917,1,0.746,0.618,0.418,-2.043,0.5,0.5,0.053,0.133
Haiti,41,HTI,2,2012,4.158,0,0,0,13,-0.293,0.917,1,0.767,0.417,0.427,-2.043,0.5,0.5,0.053,0.133
Haiti,41,HTI,2,2013,4.204,0,0,0,13,-0.293,0.917,1,0.727,0.417,0.424,-2.043,0.5,0.5,0.062,0.156
Haiti,41,HTI,2,2014,4.225,0,0,0,13,-0.293,0.917,1,0.727,0.417,0.424,-1.697,0.5,0.5,0.062,0.156
Haiti,41,HTI,2,2015,4.191,0,0,0,13,-0.293,1.163,1,0.727,2.094,0.403,-1.697,0.333,0.5,0.062,0.156
Haiti,41,HTI,2,2016,4.226,5,0,0,13,-0.293,1.163,1,0.743,1.011,0.394,-1.697,0.5,0.5,0.062,0.156
Haiti,41,HTI,2,2017,4.38,5,0,0,13,-0.293,1.248,1,0.673,1.229,0.404,-1.697,0.5,0.5,0.062,0.156
Haiti,41,HTI,2,2018,4.441,5,0,0,13,-0.293,1.279,1,0.626,2.193,0.411,-1.697,0.5,0.5,0.067,0.17
Haiti,41,HTI,2,2019,4.474,NA,0,0,13,-0.617,1.279,1,0.632,2.821,0.403,-1.697,0.5,0.5,0.077,0.161
Haiti,41,HTI,2,2020,NA,NA,0,0,13,0.076,1.279,1,0.632,2.731,0.371,-1.697,0.333,0.5,0.062,0.062
Haiti,41,HTI,2,2021,NA,NA,0,0,13,0.22,2.655,1,0.659,2.731,0.302,-1.271,0,0,0,0.125
Haiti,41,HTI,2,2022,NA,NA,0,0,13,0.091,2.474,0,0.659,1.709,0.213,-1.271,0,0,0,0.125
Haiti,41,HTI,2,2023,NA,NA,0,0,13,0.091,2.474,0,0.659,-0.102,0.211,-1.986,0,0,0,0.125
Haiti,41,HTI,2,2024,NA,NA,0,0,NA,0.091,1.04,0,0.659,-0.281,0.218,-1.268,0.333,0,0.062,0.062
Honduras,91,HND,2,1990,7.648,6,0,0,0,-0.085,-1.979,1,0.449,-1.614,0.482,0.357,0.667,1,0.3,0
Honduras,91,HND,2,1991,7.624,6,0,0,0,-0.085,-1.979,1,0.514,-1.614,0.491,0.357,0.667,1,0.3,0
Honduras,91,HND,2,1992,7.735,6,0,0,0,-0.085,-1.979,1,0.548,-1.141,0.491,0.357,0.667,1,0.3,0
Honduras,91,HND,2,1993,7.874,6,0,0,0,-0.085,-1.979,1,0.548,-1.141,0.491,0.357,0.667,1,0.3,0
Honduras,91,HND,2,1994,7.874,6,0,0,0,-0.085,-1.979,2,0.57,-1.619,0.529,0.357,0.667,1,0.3,0
Honduras,91,HND,2,1995,7.971,6,0,0,0,0.696,-1.979,2,0.577,-1.619,0.542,0.357,0.667,1,0.3,0
Honduras,91,HND,2,1996,7.985,6,0,0,0,1.229,-1.979,2,0.577,-1.619,0.548,0.357,0.667,1,0.3,0
Honduras,91,HND,2,1997,8.033,6,0,0,0,1.229,-1.979,2,0.602,-1.619,0.548,0.357,0.667,1,0.3,0
Honduras,91,HND,2,1998,8.059,6,0,0,0,1.229,-1.979,2,0.602,-1.619,0.553,0.357,0.667,1,0.3,0
Honduras,91,HND,2,1999,8.014,7,0,1,0,1.229,-1.979,2,0.602,-1.619,0.554,0.357,0.667,1,0.3,0
Honduras,91,HND,2,2000,8.145,7,0,0,0,1.229,-1.979,2,0.602,-1.619,0.554,0.357,0.667,1,0.3,0
Honduras,91,HND,2,2001,8.22,7,0,0,0,1.229,-1.979,2,0.662,-1.143,0.554,0.357,0.667,1,0.3,0
Honduras,91,HND,2,2002,8.344,7,0,0,0,1.229,-1.979,2,0.662,-1.625,0.557,0.357,0.667,1,0.3,0
Honduras,91,HND,2,2003,8.517,7,0,0,0,1.722,-1.979,2,0.685,-1.625,0.567,0.357,0.667,1,0.3,0
Honduras,91,HND,2,2004,8.736,7,0,0,0,1.722,-1.979,2,0.685,-1.176,0.567,0.357,0.667,1,0.3,0
Honduras,91,HND,2,2005,9.027,7,0,0,0,1.722,-1.979,2,0.685,-1.176,0.562,0.357,0.667,1,0.292,0.083
Honduras,91,HND,2,2006,9.305,7,0,0,0,1.613,-1.979,2,0.724,-1.253,0.521,0.357,0.667,1,0.292,0.083
Honduras,91,HND,2,2007,9.558,7,0,0,0,1.613,-1.979,2,0.724,-1.726,0.524,0.357,0.667,1,0.292,0.083
Honduras,91,HND,2,2008,9.644,7,0,0,0,1.613,-1.979,2,0.72,-1.906,0.52,0.357,0.667,1,0.292,0.083
Honduras,91,HND,2,2009,9.608,7,1,1,9,0.491,-0.007,1,0.498,0.3,0.441,0.357,1,1,0.375,0.083
Honduras,91,HND,2,2010,9.707,7,0,0,13,0.779,-0.269,1,0.589,0.008,0.402,0.357,0.667,1,0.292,0.083
Honduras,91,HND,2,2011,9.877,7,0,0,13,0.914,-0.638,1,0.588,-1.173,0.415,0.357,0.667,1,0.292,0.083
Honduras,91,HND,2,2012,10.006,7,0,0,13,0.949,-0.638,1,0.625,-1.346,0.416,0.357,0.667,1,0.292,0.083
Honduras,91,HND,2,2013,10.063,7,0,0,13,0.949,-0.638,1,0.735,-0.594,0.411,0.357,0.667,1,0.312,0.125
Honduras,91,HND,2,2014,10.133,7,0,0,13,0.91,-0.638,1,0.735,-1.222,0.428,0.357,0.667,1,0.312,0.125
Honduras,91,HND,2,2015,10.186,7,0,0,13,0.91,-0.638,1,0.697,0.033,0.422,0.357,0.667,1,0.312,0.125
Honduras,91,HND,2,2016,10.364,7,0,0,13,0.91,0.112,1,0.678,-1.243,0.423,0.357,0.667,1,0.312,0.125
Honduras,91,HND,2,2017,10.647,7,0,0,13,0.636,0.268,1,0.612,0.42,0.412,0.357,0.667,1,0.286,0.143
Honduras,91,HND,2,2018,10.787,7,0,0,13,1.542,-1.127,1,0.758,-0.337,0.362,0.424,0.667,1,0.286,0.143
Honduras,91,HND,2,2019,10.796,NA,0,0,13,1.542,-0.96,1,0.75,-0.507,0.368,0.424,0.667,1,0.357,0.143
Honduras,91,HND,2,2020,NA,NA,0,0,13,1.542,-0.96,1,0.765,-1.668,0.372,0.631,0.667,1,0.4,0.2
Honduras,91,HND,2,2021,NA,NA,0,0,NA,1.542,-0.123,1,0.665,-0.94,0.39,0.631,0.667,1,0.3,0.2
Honduras,91,HND,2,2022,NA,NA,0,0,NA,1.976,-0.486,2,0.709,-1.019,0.534,0.631,0.667,1,0.3,0.1
Honduras,91,HND,2,2023,NA,NA,0,0,NA,1.976,0.604,2,0.708,0.129,0.538,0.631,0.667,1,0.3,0.2
Honduras,91,HND,2,2024,NA,NA,0,0,NA,1.976,-1.203,2,0.724,0.469,0.541,0.631,0.667,1,0.2,0.1
Peru,135,PER,2,1990,10.441,8,0,0,2,1.449,2.814,2,0.292,0.091,0.618,NA,0,1,0.25,0
Peru,135,PER,2,1991,10.332,8,0,0,2,1.449,2.814,2,0.292,0.091,0.604,NA,0.333,1,0.25,0
Peru,135,PER,2,1992,10.349,-4,0,1,12,0.367,2.814,0,0.324,0.091,0.25,NA,0.333,0,0.833,0
Peru,135,PER,2,1993,10.729,-1,0,0,12,0.367,2.138,0,0.143,-0.841,0.255,NA,0,0,0.75,0
Peru,135,PER,2,1994,11.456,-1,0,0,12,0.367,1.489,0,0.143,-0.841,0.251,NA,0,0,0.75,0
Peru,135,PER,2,1995,12.091,-1,0,0,12,0.367,1.489,1,0.143,-0.841,0.288,NA,0,1,0.25,0
Peru,135,PER,2,1996,12.482,-1,0,0,12,0.367,0.814,1,0.143,-0.841,0.365,NA,0,1,0.25,0
Peru,135,PER,2,1997,12.82,-1,0,0,12,0.367,0.814,1,0.097,-0.841,0.365,NA,0,1,0.25,0
Peru,135,PER,2,1998,12.809,-1,0,0,12,0.367,0.814,1,0.097,-0.337,0.353,NA,0,1,0.25,0
Peru,135,PER,2,1999,12.833,-1,0,0,12,0.367,0.814,1,0.097,-0.337,0.353,NA,0,1,0.25,0
Peru,135,PER,2,2000,12.93,4,0,1,9,0.744,-1.116,1,0.142,2.881,0.418,NA,1,1,0.125,0
Peru,135,PER,2,2001,13.06,9,0,0,13,2.18,-1.413,2,0.885,0.426,0.728,NA,0.333,1,0.125,0
Peru,135,PER,2,2002,13.428,9,0,0,13,2.18,-1.651,2,0.885,0.426,0.797,NA,0.333,1,0,0
Peru,135,PER,2,2003,13.915,9,0,0,13,2.18,-1.651,2,0.885,0.426,0.797,NA,0.333,1,0,0
Peru,135,PER,2,2004,14.536,9,0,0,13,2.18,-1.651,2,0.885,0.426,0.795,NA,0.333,1,0.125,0
Peru,135,PER,2,2005,15.352,9,0,0,13,2.18,-1.651,2,0.885,0.426,0.795,0.766,0.333,1,0.093,0
Peru,135,PER,2,2006,16.363,9,0,0,13,1.831,-1.6,2,0.885,0.426,0.793,0.624,0.333,1,0.077,0
Peru,135,PER,2,2007,17.513,9,0,0,13,1.667,-1.6,2,0.885,0.547,0.801,0.624,0.333,1,0.115,0
Peru,135,PER,2,2008,18.674,9,0,0,13,1.667,-1.6,2,0.885,0.609,0.805,0.624,0.333,1,0.077,0
Peru,135,PER,2,2009,19.488,9,0,0,13,1.625,-1.6,2,0.885,0.681,0.799,0.624,0.333,1,0.077,0.038
Peru,135,PER,2,2010,20.653,9,0,0,13,1.625,-1.506,2,0.885,0.365,0.806,0.624,0.333,1,0.115,0.038
Peru,135,PER,2,2011,21.802,9,0,0,13,1.87,-1.506,2,0.885,0.477,0.811,0.624,0.333,1,0.077,0.038
Peru,135,PER,2,2012,22.787,9,0,0,13,1.87,-1.555,2,0.885,0.348,0.823,0.542,0.333,1,0.038,0.038
Peru,135,PER,2,2013,23.562,9,0,0,13,2.224,-1.555,2,0.885,0.306,0.82,0.542,0.333,1,0.042,0
Peru,135,PER,2,2014,23.983,9,0,0,13,2.224,-1.555,2,0.885,0.354,0.82,0.542,0.333,1,0.042,0
Peru,135,PER,2,2015,24.101,9,0,0,13,1.8,-1.555,2,0.911,0.484,0.816,0.542,0.667,1,0.042,0
Peru,135,PER,2,2016,24.492,9,0,0,13,1.8,-1.471,2,0.911,0.698,0.781,0.753,0.667,1,0.042,0
Peru,135,PER,2,2017,24.654,9,0,0,13,1.8,-1.471,2,0.911,0.89,0.788,0.753,1,1,0.042,0
Peru,135,PER,2,2018,24.878,9,0,0,13,2.018,-1.48,2,0.911,0.89,0.807,0.753,1,1,0.045,0
Peru,135,PER,2,2019,24.75,NA,0,0,13,2.018,-1.48,2,0.911,0.983,0.802,0.753,1,1,0.091,0
Peru,135,PER,2,2020,NA,NA,0,0,13,1.76,-0.935,2,0.907,2.404,0.819,0.532,1,1,0.05,0
Peru,135,PER,2,2021,NA,NA,0,0,13,1.909,-0.364,2,0.917,2.13,0.77,0.532,1,1,0.1,0.05
Peru,135,PER,2,2022,NA,NA,0,0,13,1.481,0.557,2,0.889,3.085,0.745,0.824,1,1,0.111,0.056
Peru,135,PER,2,2023,NA,NA,0,0,13,0.584,0.12,2,0.874,3.156,0.712,0.483,1,1,0.111,0.056
Peru,135,PER,2,2024,NA,NA,0,0,NA,-0.032,0.034,2,0.784,0.309,0.634,0.483,1,1,0.143,0.071
Argentina,160,ARG,2,1990,28.115,7,0,0,13,2.464,-1.142,2,0.89,0.712,0.827,0.996,0.667,1,0.1,0.2
Argentina,160,ARG,2,1991,29.71,7,0,0,13,2.464,-1.142,2,0.9,0.712,0.829,0.996,0.667,1,0,0.2
Argentina,160,ARG,2,1992,31.777,7,0,0,13,2.464,-1.142,2,0.9,0.712,0.831,0.996,0.333,1,0,0.1
Argentina,160,ARG,2,1993,33.551,7,0,0,13,2.464,-1.142,2,0.9,0.712,0.83,0.996,0.333,1,0,0.1
Argentina,160,ARG,2,1994,34.856,7,0,0,13,2.464,-1.142,2,0.9,0.712,0.835,0.996,0.333,1,0,0.1
Argentina,160,ARG,2,1995,35.233,7,0,0,13,2.464,-1.142,2,0.9,0.712,0.833,0.996,0.333,1,0,0.1
Argentina,160,ARG,2,1996,36.332,7,0,0,13,2.464,-1.142,2,0.9,0.712,0.827,0.996,0.333,1,0,0.1
Argentina,160,ARG,2,1997,37.491,7,0,0,13,2.464,-1.142,2,0.9,0.712,0.828,0.996,0.333,1,0,0.1
Argentina,160,ARG,2,1998,37.858,7,0,0,13,2.464,-1.142,2,0.9,0.712,0.83,0.996,0.333,1,0,0.1
Argentina,160,ARG,2,1999,36.957,8,0,0,13,2.464,-1.142,2,0.947,0.712,0.83,0.996,0.333,1,0,0.1
Argentina,160,ARG,2,2000,35.88,8,0,0,13,2.464,-1.142,2,0.947,1.21,0.836,0.996,0.667,1,0,0.2
Argentina,160,ARG,2,2001,34.16,8,0,0,13,2.464,-1.142,2,0.926,3.016,0.835,0.996,1,1,0,0.3
Argentina,160,ARG,2,2002,31.951,8,0,0,13,2.464,-1.142,2,0.904,2.079,0.825,0.996,1,0,0,0.4
Argentina,160,ARG,2,2003,32.676,8,0,0,13,2.464,-1.142,2,0.904,1.859,0.81,0.996,0.667,1,0,0.2
Argentina,160,ARG,2,2004,34.531,8,0,0,13,1.935,-1.142,2,0.904,1.859,0.804,0.996,0.333,1,0,0.2
Argentina,160,ARG,2,2005,36.84,8,0,0,13,1.935,-1.142,2,0.904,1.859,0.801,0.996,0.333,1,0.036,0.071
Argentina,160,ARG,2,2006,39.149,8,0,0,13,1.935,-1.142,2,0.904,1.859,0.789,0.996,0.333,1,0.036,0.071
Argentina,160,ARG,2,2007,41.325,8,0,0,13,1.935,-1.142,2,0.904,1.859,0.784,0.996,0.333,1,0.036,0.071
Argentina,160,ARG,2,2008,42.784,8,0,0,13,1.631,-1.142,2,0.904,1.859,0.765,0.996,0.333,1,0.036,0.071
Argentina,160,ARG,2,2009,42.92,8,0,0,13,1.631,-1.142,2,0.904,1.859,0.764,0.996,0.333,1,0.036,0.071
Argentina,160,ARG,2,2010,44.854,8,0,0,13,1.299,-1.142,2,0.904,1.859,0.761,0.996,0.333,1,0.036,0.071
Argentina,160,ARG,2,2011,46.333,8,0,0,13,1.299,-1.142,2,0.903,1.859,0.762,0.996,0.333,1,0.036,0.071
Argentina,160,ARG,2,2012,46.477,8,0,0,13,1.299,-1.142,2,0.892,2.664,0.766,0.996,0.333,1,0.036,0.071
Argentina,160,ARG,2,2013,46.377,8,0,0,13,1.299,-1.142,2,0.883,1.879,0.774,0.996,0.333,1,0.042,0
Argentina,160,ARG,2,2014,45.363,8,0,0,13,1.299,-1.142,2,0.883,1.879,0.786,0.996,0.333,1,0.042,0
Argentina,160,ARG,2,2015,44.416,9,0,0,13,1.299,-1.142,2,0.839,1.879,0.776,0.996,0.333,1,0.042,0
Argentina,160,ARG,2,2016,43.719,9,0,0,13,1.616,-1.142,2,0.843,1.879,0.753,0.996,0,1,0.042,0
Argentina,160,ARG,2,2017,43.878,9,0,0,13,1.156,-1.142,2,0.794,1.879,0.754,0.996,0,1,0.042,0
Argentina,160,ARG,2,2018,43.409,9,0,0,13,1.156,-1.142,2,0.842,1.879,0.783,0.996,0,1,0.042,0
Argentina,160,ARG,2,2019,42.896,NA,0,0,13,1.156,-1.142,2,0.811,1.148,0.788,0.996,0,1,0.042,0
Argentina,160,ARG,2,2020,NA,NA,0,0,13,1.895,-1.142,2,0.9,2.069,0.805,0.996,0,1,0,0.042
Argentina,160,ARG,2,2021,NA,NA,0,0,13,1.895,-1.307,2,0.895,2.069,0.797,0.996,0,1,0,0.045
Argentina,160,ARG,2,2022,NA,NA,0,0,13,1.895,-0.017,2,0.823,1.568,0.832,0.996,0,1,0,0.05
Argentina,160,ARG,2,2023,NA,NA,0,0,13,1.895,-0.947,2,0.882,1.568,0.838,0.996,0,1,0,0
Argentina,160,ARG,2,2024,NA,NA,0,0,NA,0.874,-0.561,2,0.882,2.224,0.712,0.996,0.333,1,0,0
Venezuela,101,VEN,2,1990,24.534,9,0,0,2,1.875,-1.089,2,0.806,0.676,0.739,0.497,0.333,1,0.143,0
Venezuela,101,VEN,2,1991,25.161,9,0,0,2,1.875,-1.089,2,0.806,0.683,0.743,0.497,0.333,1,0.143,0
Venezuela,101,VEN,2,1992,25.735,8,0,2,2,1.875,0.288,2,0.806,1.34,0.733,0.497,0.333,1,0.143,0
Venezuela,101,VEN,2,1993,25.529,8,0,0,2,1.875,-1.303,2,0.806,0.835,0.745,0.497,0.333,0,0.143,0
Venezuela,101,VEN,2,1994,25.041,8,0,0,2,1.875,-1.303,2,0.836,0.611,0.751,0.497,0.333,1,0.143,0
Venezuela,101,VEN,2,1995,24.992,8,0,0,2,1.875,-1.728,2,0.836,0.611,0.751,0.497,0.333,1,0.143,0
Venezuela,101,VEN,2,1996,24.836,8,0,0,2,1.875,-1.728,2,0.836,0.611,0.751,0.497,0.333,1,0.143,0
Venezuela,101,VEN,2,1997,24.891,8,0,0,2,1.875,-1.728,2,0.836,0.611,0.749,0.497,0.333,1,0.143,0
Venezuela,101,VEN,2,1998,24.5,8,0,0,2,1.993,-1.234,2,0.82,0.611,0.733,0.497,0.333,1,0.143,0
Venezuela,101,VEN,2,1999,24.095,7,0,0,2,0.963,-0.657,2,0.792,1.188,0.67,-0.026,0,1,0.071,0
Venezuela,101,VEN,2,2000,24.396,7,0,0,2,0.472,0.345,2,0.781,1.626,0.573,-1.023,0,1,0.143,0
Venezuela,101,VEN,2,2001,24.19,6,0,0,2,0.472,0.345,2,0.755,1.448,0.532,-1.023,0,1,0.143,0
Venezuela,101,VEN,2,2002,23.318,6,0,1,2,0.052,0.745,1,0.722,3.233,0.499,-1.023,0,1,0.143,0
Venezuela,101,VEN,2,2003,23.035,6,0,0,2,0.175,0.985,1,0.678,2.221,0.483,-1.023,0,1,0.143,0
Venezuela,101,VEN,2,2004,25.036,6,0,0,2,0.175,0.822,1,0.678,1.864,0.472,-1.023,0,1,0.143,0
Venezuela,101,VEN,2,2005,27.461,6,0,0,2,0.175,0.928,1,0.678,1.545,0.471,-1.023,0,1,0.194,0.028
Venezuela,101,VEN,2,2006,29.859,5,0,0,2,0.175,0.738,1,0.728,1.674,0.453,-1.023,0,1,0.167,0.028
Venezuela,101,VEN,2,2007,31.943,5,0,0,2,0.043,0.891,1,0.728,3.058,0.434,-1.023,0,1,0.139,0.028
Venezuela,101,VEN,2,2008,33.45,5,0,0,2,0.043,0.737,1,0.728,1.49,0.433,-1.023,0,1,0.139,0.028
Venezuela,101,VEN,2,2009,33.684,-3,0,0,2,0.043,0.979,1,0.71,1.699,0.43,-1.023,0,1,0.139,0.028
Venezuela,101,VEN,2,2010,34.341,-3,0,0,2,-0.313,1.344,1,0.704,1.771,0.42,-1.161,0,1,0.139,0.028
Venezuela,101,VEN,2,2011,35.194,-3,0,0,2,-0.366,1.667,1,0.704,1.405,0.414,-1.161,0,1,0.132,0.026
Venezuela,101,VEN,2,2012,35.77,-3,0,0,2,-0.424,1.856,1,0.678,1.92,0.401,-1.161,0,1,0.158,0.026
Venezuela,101,VEN,2,2013,35.708,4,0,0,2,-0.357,2.089,1,0.58,2.502,0.324,-1.161,0,1,0.333,0.067
Venezuela,101,VEN,2,2014,33.012,4,0,0,2,-0.379,2.285,1,0.5,3.784,0.31,-1.441,0,1,0.3,0.067
Venezuela,101,VEN,2,2015,28.863,4,0,0,2,-0.457,2.497,1,0.473,2.454,0.297,-1.441,0,1,0.333,0.067
Venezuela,101,VEN,2,2016,23.407,4,0,0,2,-0.554,2.81,1,0.521,2.857,0.292,-1.441,0,1,0.3,0.067
Venezuela,101,VEN,2,2017,18.213,-3,0,0,13,-0.734,3.067,1,0.339,3.721,0.232,-1.441,0,1,0.3,0.133
Venezuela,101,VEN,2,2018,14.944,-3,0,0,13,-0.819,2.966,1,0.248,1.993,0.215,-1.441,0,1,0.286,0.143
Venezuela,101,VEN,2,2019,12.79,NA,0,0,13,-0.85,2.333,1,0.169,1.605,0.208,-1.545,0,1,0.321,0.143
Venezuela,101,VEN,2,2020,NA,NA,0,0,13,-1.061,1.72,1,0.186,0.385,0.206,-1.504,0,1,0.25,0.107
Venezuela,101,VEN,2,2021,NA,NA,0,0,13,-1.004,1.585,1,0.18,0.115,0.215,-1.655,0,1,0.385,0.115
Venezuela,101,VEN,2,2022,NA,NA,0,0,13,-1.004,1.558,1,0.194,0.28,0.211,-1.655,0,1,0.346,0.154
Venezuela,101,VEN,2,2023,NA,NA,0,0,13,-1.036,1.558,1,0.19,0.456,0.207,-1.769,0,1,0.346,0.192
Venezuela,101,VEN,2,2024,NA,NA,0,0,NA,-1.508,2.642,1,0.19,1.508,0.197,-1.769,0,1,0.375,0.125
Nicaragua,93,NIC,2,1990,5.666,6,0,0,10,0.646,-0.54,2,0.838,-0.815,0.634,-0.195,0,1,0.2,0
Nicaragua,93,NIC,2,1991,5.525,6,0,0,10,1.557,-0.54,2,0.842,-0.815,0.69,-0.195,0.333,1,0.1,0
Nicaragua,93,NIC,2,1992,5.428,6,0,0,10,1.557,-0.54,2,0.871,-0.815,0.691,-0.195,0.333,1,0.1,0
Nicaragua,93,NIC,2,1993,5.381,6,0,0,10,1.773,-0.54,2,0.871,-0.815,0.694,-0.195,0.333,1,0.1,0
Nicaragua,93,NIC,2,1994,5.502,6,0,0,10,1.773,-0.54,2,0.871,-0.815,0.693,-0.195,0.333,1,0.1,0
Nicaragua,93,NIC,2,1995,5.684,8,0,0,10,1.773,-0.54,2,0.871,-1.535,0.692,-0.195,0.333,1,0.1,0
Nicaragua,93,NIC,2,1996,5.881,8,0,0,10,1.773,-0.54,2,0.871,-1.535,0.682,-0.195,0.333,1,0.1,0
Nicaragua,93,NIC,2,1997,6.054,8,0,0,10,1.773,-0.54,2,0.871,-1.535,0.635,-0.195,0.333,1,0.1,0
Nicaragua,93,NIC,2,1998,6.244,8,0,0,10,1.773,-0.929,2,0.871,-1.535,0.635,-0.195,0.333,1,0.1,0
Nicaragua,93,NIC,2,1999,6.485,8,0,0,10,1.549,-0.929,2,0.871,-1.535,0.603,-0.195,0.333,1,0.1,0
Nicaragua,93,NIC,2,2000,6.659,8,0,0,10,1.549,-0.466,2,0.871,-1.177,0.589,-0.411,0.333,1,0.1,0
Nicaragua,93,NIC,2,2001,6.782,8,0,0,10,1.549,-0.466,2,0.871,-1.177,0.592,-0.411,0.333,1,0.1,0
Nicaragua,93,NIC,2,2002,6.849,8,0,0,10,1.549,-0.466,2,0.871,-0.818,0.613,-0.411,0.333,1,0.1,0
Nicaragua,93,NIC,2,2003,6.955,8,0,0,10,1.549,-0.466,2,0.871,-0.372,0.608,-0.411,0.333,1,0.1,0
Nicaragua,93,NIC,2,2004,7.153,8,0,0,10,1.549,-0.466,2,0.871,-0.372,0.608,-0.411,0.333,1,0.1,0
Nicaragua,93,NIC,2,2005,7.37,8,0,0,10,1.549,-0.466,2,0.871,-0.372,0.608,-0.411,0.333,1,0.115,0.038
Nicaragua,93,NIC,2,2006,7.584,8,0,0,10,0.899,-0.773,2,0.857,-0.893,0.56,-0.542,0,1,0.115,0.038
Nicaragua,93,NIC,2,2007,7.823,9,0,0,10,0.452,-0.442,1,0.824,-1.31,0.457,-0.542,0,1,0.154,0.038
Nicaragua,93,NIC,2,2008,7.997,9,0,0,10,0.266,-0.442,1,0.824,-1.31,0.445,-0.542,0,1,0.154,0.038
Nicaragua,93,NIC,2,2009,8.054,9,0,0,10,0.266,-0.442,1,0.824,-1.31,0.443,-0.542,0,1,0.154,0.038
Nicaragua,93,NIC,2,2010,8.245,9,0,0,10,0.266,-0.1,1,0.797,-0.694,0.436,-0.542,0,1,0.154,0.038
Nicaragua,93,NIC,2,2011,8.552,9,0,0,10,0.266,-0.1,1,0.769,-0.694,0.427,-1.007,0,1,0.154,0.038
Nicaragua,93,NIC,2,2012,8.86,9,0,0,10,0.038,-0.1,1,0.769,-0.694,0.369,-1.099,0,1,0.154,0.038
Nicaragua,93,NIC,2,2013,9.138,9,0,0,10,-0.164,-0.1,1,0.769,-0.253,0.323,-1.099,0,1,0.136,0.045
Nicaragua,93,NIC,2,2014,9.395,9,0,0,10,-0.456,-0.1,1,0.769,-0.253,0.321,-1.099,0,1,0.136,0.045
Nicaragua,93,NIC,2,2015,9.584,9,0,0,10,-0.456,-0.1,1,0.769,-0.457,0.321,-1.099,0,1,0.136,0.045
Nicaragua,93,NIC,2,2016,9.784,6,0,0,10,-0.456,-0.1,1,0.769,-0.36,0.309,-1.099,0,1,0.136,0.045
Nicaragua,93,NIC,2,2017,9.91,6,0,0,10,-0.538,-0.1,1,0.65,-0.583,0.283,-1.099,0,1,0.15,0.05
Nicaragua,93,NIC,2,2018,9.702,6,0,0,13,-1.888,2.193,1,0.16,2.492,0.223,-1.099,0,1,0.222,0.056
Nicaragua,93,NIC,2,2019,9.4,NA,0,0,13,-1.888,2.057,1,0.146,1.131,0.217,-1.099,0,1,0.222,0.056
Nicaragua,93,NIC,2,2020,NA,NA,0,0,13,-1.466,1.543,1,0.121,0.055,0.219,-1.185,0,1,0.188,0.062
Nicaragua,93,NIC,2,2021,NA,NA,0,0,13,-2.16,1.346,1,0.108,-1.263,0.198,-1.736,0,1,0.214,0.071
Nicaragua,93,NIC,2,2022,NA,NA,0,0,13,-3.171,1.314,1,0.108,-1.827,0.161,-1.648,0,1,0.214,0.071
Nicaragua,93,NIC,2,2023,NA,NA,0,0,13,-2.242,1.104,1,0.042,-2.221,0.159,-2.062,0,1,0.143,0
Nicaragua,93,NIC,2,2024,NA,NA,0,0,NA,-2.242,0.045,1,0.042,-3.209,0.153,-2.062,0,1,0.167,0.083
Chile,155,CHL,2,1990,22.534,8,0,0,13,2.985,-0.884,2,0.855,-0.629,0.723,1.304,0,1,0.2,0
Chile,155,CHL,2,1991,23.871,8,0,0,13,2.985,-0.884,2,0.94,-0.629,0.819,1.304,0,1,0.2,0
Chile,155,CHL,2,1992,25.612,8,0,0,13,2.985,-0.884,2,0.94,-0.629,0.819,1.304,0,1,0.2,0
Chile,155,CHL,2,1993,27.1,8,0,0,13,2.985,-1.041,2,0.94,-0.629,0.814,1.304,0,1,0.1,0
Chile,155,CHL,2,1994,28.59,8,0,0,13,2.985,-1.079,2,0.94,-0.629,0.853,1.304,0,1,0.1,0
Chile,155,CHL,2,1995,30.373,8,0,0,13,2.985,-1.079,2,0.94,-0.629,0.853,1.304,0,1,0.1,0
Chile,155,CHL,2,1996,31.88,8,0,0,13,2.985,-1.079,3,0.94,-0.629,0.853,1.304,0,1,0.1,0
Chile,155,CHL,2,1997,33.012,8,0,0,13,2.985,-1.079,3,0.94,-0.629,0.853,1.304,0,1,0.1,0
Chile,155,CHL,2,1998,33.492,8,0,0,13,2.985,-1.079,3,0.94,-0.629,0.853,1.304,0,1,0,0
Chile,155,CHL,2,1999,33.424,8,0,0,13,2.985,-1.079,3,0.94,-0.629,0.851,1.304,0,1,0,0
Chile,155,CHL,2,2000,33.991,9,0,0,13,2.985,-1.079,3,0.925,-0.629,0.879,1.304,0,1,0,0
Chile,155,CHL,2,2001,34.455,9,0,0,13,2.985,-1.079,3,0.925,-0.194,0.879,1.304,0,1,0,0
Chile,155,CHL,2,2002,35.139,9,0,0,13,2.985,-1.079,3,0.925,-0.194,0.879,1.304,0,1,0,0
Chile,155,CHL,2,2003,36.138,9,0,0,13,2.985,-1.079,3,0.925,-0.434,0.879,1.304,0,1,0,0
Chile,155,CHL,2,2004,37.851,9,0,0,13,2.985,-1.079,3,0.925,-0.434,0.879,1.304,0,1,0,0
Chile,155,CHL,2,2005,39.873,9,0,0,13,2.985,-1.079,3,0.925,-0.434,0.877,1.304,0,1,0,0
Chile,155,CHL,2,2006,42.102,10,0,0,13,2.985,-1.079,3,0.925,0.715,0.893,1.547,0,1,0,0
Chile,155,CHL,2,2007,43.603,10,0,0,13,2.985,-1.079,3,0.925,-0.249,0.893,1.547,0,1,0,0
Chile,155,CHL,2,2008,44.339,10,0,0,13,2.985,-1.079,3,0.925,-0.249,0.893,1.547,0,1,0,0
Chile,155,CHL,2,2009,44.891,10,0,0,13,2.985,-1.079,3,0.925,-0.249,0.887,1.547,0,1,0,0
Chile,155,CHL,2,2010,46.817,10,0,0,13,2.985,-1.079,3,0.925,-0.25,0.887,1.547,0,1,0,0
Chile,155,CHL,2,2011,48.834,10,0,0,13,2.767,-1.079,3,0.925,1.796,0.89,1.547,0,1,0,0
Chile,155,CHL,2,2012,50.497,10,0,0,13,2.767,-1.079,3,0.925,1.068,0.894,1.547,0,1,0,0
Chile,155,CHL,2,2013,51.633,10,0,0,13,2.421,-1.079,3,0.97,0.84,0.894,1.547,0,1,0,0
Chile,155,CHL,2,2014,51.977,10,0,0,13,2.421,-1.079,3,0.965,0.84,0.894,1.547,0,1,0,0
Chile,155,CHL,2,2015,51.875,10,0,0,13,2.714,-1.079,3,0.946,0.84,0.888,1.547,0,1,0,0
Chile,155,CHL,2,2016,51.965,10,0,0,13,2.714,-1.079,3,0.946,0.619,0.888,1.547,0,1,0,0
Chile,155,CHL,2,2017,52.417,10,0,0,13,2.714,-1.079,3,0.946,0.619,0.891,1.547,0,1,0,0
Chile,155,CHL,2,2018,52.906,10,0,0,13,1.814,-1.079,2,0.873,1.051,0.871,1.547,0,1,0,0
Chile,155,CHL,2,2019,53.121,NA,0,0,13,1.4,0.797,2,0.795,3.787,0.829,1.547,0,1,0,0
Chile,155,CHL,2,2020,NA,NA,0,0,13,1.673,0.581,2,0.831,0.357,0.835,1.547,0,1,0,0
Chile,155,CHL,2,2021,NA,NA,0,0,13,2.162,0.409,3,0.9,0.175,0.839,1.547,0,1,0,0
Chile,155,CHL,2,2022,NA,NA,0,0,13,1.839,-0.218,3,0.931,-0.276,0.838,1.547,0,1,0,0
Chile,155,CHL,2,2023,NA,NA,0,0,13,2.076,-1.147,3,0.931,-0.376,0.837,1.547,0,1,0,0
Chile,155,CHL,2,2024,NA,NA,0,0,NA,2.076,-1.014,3,0.931,0.128,0.844,1.547,0,1,0,0
Costa Rica,94,CRI,2,1990,18.898,10,0,0,13,2.414,-0.538,3,0.959,0.998,0.894,2.011,0,1,0,0
Costa Rica,94,CRI,2,1991,19.295,10,0,0,13,2.414,-2.216,3,0.972,0.998,0.895,2.011,0,1,0,0
Costa Rica,94,CRI,2,1992,20.151,10,0,0,13,2.414,-2.216,3,0.972,0.998,0.895,2.011,0,1,0,0
Costa Rica,94,CRI,2,1993,20.876,10,0,0,13,2.414,-2.216,3,0.972,0.998,0.895,2.011,0,1,0,0
Costa Rica,94,CRI,2,1994,21.381,10,0,0,13,2.414,-2.216,3,0.972,0.998,0.896,2.011,0,1,0,0
Costa Rica,94,CRI,2,1995,21.714,10,0,0,13,2.414,-2.216,3,0.972,1.559,0.896,2.011,0,1,0,0
Costa Rica,94,CRI,2,1996,21.807,10,0,0,13,2.414,-2.216,3,0.972,0.984,0.897,2.011,0,1,0,0
Costa Rica,94,CRI,2,1997,22.315,10,0,0,13,2.414,-2.216,3,0.972,0.984,0.897,2.011,0,1,0,0
Costa Rica,94,CRI,2,1998,22.997,10,0,0,13,2.414,-2.216,3,0.972,0.984,0.894,2.011,0,1,0,0
Costa Rica,94,CRI,2,1999,23.415,10,0,0,13,2.414,-2.216,3,0.972,0.984,0.894,2.011,0,1,0,0
Costa Rica,94,CRI,2,2000,23.792,10,0,0,13,2.414,-2.216,3,0.972,2.006,0.895,2.011,0,1,0,0
Costa Rica,94,CRI,2,2001,24.114,10,0,0,13,2.414,-2.216,3,0.975,0.967,0.895,2.011,0,1,0,0
Costa Rica,94,CRI,2,2002,24.472,10,0,0,13,2.414,-2.216,3,0.975,0.967,0.896,2.011,0,1,0,0
Costa Rica,94,CRI,2,2003,24.911,10,0,0,13,2.414,-2.216,3,0.975,0.967,0.896,2.011,0,1,0,0
Costa Rica,94,CRI,2,2004,25.473,10,0,0,13,2.414,-2.216,3,0.975,1.478,0.894,2.011,0,1,0,0
Costa Rica,94,CRI,2,2005,26.159,10,0,0,13,2.414,-2.216,3,0.973,1.478,0.894,2.011,0,1,0,0
Costa Rica,94,CRI,2,2006,27.228,10,0,0,13,2.414,-2.216,3,0.973,2.004,0.905,2.011,0,1,0,0
Costa Rica,94,CRI,2,2007,28.427,10,0,0,13,2.414,-2.216,3,0.973,2.004,0.908,2.011,0,1,0,0
Costa Rica,94,CRI,2,2008,29.327,10,0,0,13,2.414,-2.216,3,0.973,2.004,0.908,2.011,0,1,0,0
Costa Rica,94,CRI,2,2009,29.795,10,0,0,13,2.414,-2.216,3,0.973,0.972,0.908,2.011,0,1,0,0
Costa Rica,94,CRI,2,2010,30.585,10,0,0,13,2.414,-1.993,3,0.973,0.972,0.911,2.011,0,1,0,0
Costa Rica,94,CRI,2,2011,31.39,10,0,0,13,2.414,-1.993,3,0.973,0.972,0.911,2.011,0,1,0,0
Costa Rica,94,CRI,2,2012,32.131,10,0,0,13,2.414,-1.993,3,0.979,0.972,0.909,2.011,0,1,0,0
Costa Rica,94,CRI,2,2013,32.678,10,0,0,13,2.318,-1.993,3,0.976,0.972,0.908,2.011,0,1,0,0
Costa Rica,94,CRI,2,2014,33.275,10,0,0,13,2.318,-1.993,3,0.976,0.972,0.905,2.011,0,1,0,0
Costa Rica,94,CRI,2,2015,33.767,10,0,0,13,2.318,-1.993,3,0.976,0.972,0.905,2.011,0,1,0,0
Costa Rica,94,CRI,2,2016,34.835,10,0,0,13,1.757,-1.993,3,0.982,0.972,0.904,2.011,0,1,0,0
Costa Rica,94,CRI,2,2017,36.125,10,0,0,13,2.171,-1.993,3,0.982,0.972,0.899,2.011,0,1,0,0
Costa Rica,94,CRI,2,2018,36.999,10,0,0,13,2.171,-1.993,3,0.882,1.698,0.892,2.011,0,1,0,0
Costa Rica,94,CRI,2,2019,37.622,NA,0,0,13,2.501,-1.993,3,0.965,1.091,0.896,2.011,0,1,0,0
Costa Rica,94,CRI,2,2020,NA,NA,0,0,13,2.501,-1.48,3,0.965,1.566,0.898,2.011,0,1,0,0
Costa Rica,94,CRI,2,2021,NA,NA,0,0,13,2.501,-2.54,3,0.965,0.688,0.895,2.011,0,1,0,0
Costa Rica,94,CRI,2,2022,NA,NA,0,0,13,2.501,-2.54,3,0.965,0.899,0.865,2.011,0,1,0,0
Costa Rica,94,CRI,2,2023,NA,NA,0,0,13,2.501,-2.54,3,0.965,1.209,0.859,2.011,0,1,0,0
Costa Rica,94,CRI,2,2024,NA,NA,0,0,NA,2.501,-2.54,3,0.965,1.209,0.859,2.011,0,1,0,0
Ecuador,130,ECU,2,1990,14.373,9,0,0,10,1.351,-1.751,2,0.841,0.633,0.721,-0.064,0.667,1,0.5,0.083
Ecuador,130,ECU,2,1991,14.643,9,0,0,10,1.351,-1.751,2,0.841,-0.11,0.719,-0.064,0.667,1,0.5,0.083
Ecuador,130,ECU,2,1992,14.873,9,0,0,10,1.351,-1.751,2,0.841,-0.11,0.718,-0.064,0.667,1,0.5,0.083
Ecuador,130,ECU,2,1993,14.949,9,0,0,10,1.351,-1.751,2,0.841,-0.11,0.711,-0.064,0.667,1,0.5,0.083
Ecuador,130,ECU,2,1994,15.122,9,0,0,10,1.351,-1.751,2,0.841,-0.11,0.704,-0.064,0.667,1,0.5,0.083
Ecuador,130,ECU,2,1995,15.19,9,0,0,10,1.351,-1.751,2,0.841,-0.11,0.706,-0.064,0.667,1,0.5,0.083
Ecuador,130,ECU,2,1996,15.235,9,0,0,10,1.351,-1.751,2,0.841,0.761,0.704,-0.064,1,1,0.5,0.083
Ecuador,130,ECU,2,1997,15.341,9,0,0,10,1.351,-1.751,2,0.841,1.649,0.703,-0.064,1,0,0.5,0.083
Ecuador,130,ECU,2,1998,15.301,9,0,0,10,1.351,-1.751,2,0.841,0.017,0.694,-0.064,1,1,0.5,0.083
Ecuador,130,ECU,2,1999,14.929,9,0,0,10,1.351,-1.751,2,0.841,0.881,0.691,-0.064,1,1,0.5,0.083
Ecuador,130,ECU,2,2000,14.946,6,0,1,10,1.351,-1.751,2,0.841,2.768,0.689,-0.064,0.667,1,0.5,0.083
Ecuador,130,ECU,2,2001,15.302,6,0,0,10,1.351,-1.751,2,0.841,0.726,0.689,-0.064,0.667,1,0.5,0.083
Ecuador,130,ECU,2,2002,15.783,6,0,0,10,1.351,-1.751,2,0.841,-0.167,0.691,-0.064,0.667,1,0.5,0.083
Ecuador,130,ECU,2,2003,16.244,6,0,0,10,1.351,-1.751,2,0.841,-0.167,0.7,-0.064,0.667,1,0.5,0.083
Ecuador,130,ECU,2,2004,16.992,6,0,0,10,1.351,-1.751,2,0.841,-0.167,0.7,-0.064,0.667,1,0.5,0.083
Ecuador,130,ECU,2,2005,17.746,6,0,0,10,1.351,-1.751,2,0.841,1.703,0.7,-0.064,1,0,0.5,0.038
Ecuador,130,ECU,2,2006,18.369,7,0,0,10,1.429,-0.951,2,0.865,0.445,0.703,-0.064,0.667,0,0.423,0.038
Ecuador,130,ECU,2,2007,18.825,5,0,0,10,0.948,-1.016,2,0.923,0.445,0.671,-0.064,0.333,1,0.385,0.038
Ecuador,130,ECU,2,2008,19.487,5,0,0,13,0.49,-1.665,2,0.915,0.445,0.632,-0.064,0,1,0.385,0.038
Ecuador,130,ECU,2,2009,19.852,5,0,0,13,-0.148,-1.665,2,0.915,0.179,0.612,-0.064,0,1,0.385,0.038
Ecuador,130,ECU,2,2010,20.46,5,0,0,13,-0.339,0.003,2,0.9,-0.085,0.588,-0.064,0,1,0.423,0.038
Ecuador,130,ECU,2,2011,21.394,5,0,0,13,-0.339,-1.648,2,0.9,-0.304,0.587,-0.064,0,1,0.385,0.038
Ecuador,130,ECU,2,2012,22.182,5,0,0,13,-0.287,-1.648,2,0.9,0.084,0.589,-0.064,0,1,0.385,0.038
Ecuador,130,ECU,2,2013,22.799,5,0,0,13,-0.792,-0.877,2,0.877,0.084,0.541,0.189,0,1,0.375,0.083
Ecuador,130,ECU,2,2014,23.029,5,0,0,13,-0.792,-1.176,2,0.877,-0.276,0.54,0.189,0,1,0.375,0.083
Ecuador,130,ECU,2,2015,22.609,5,0,0,13,-0.83,-1.176,2,0.893,-0.054,0.534,0.189,0,1,0.375,0.083
Ecuador,130,ECU,2,2016,22.183,5,0,0,13,-0.772,-1.439,2,0.893,-0.171,0.543,0.189,0,1,0.375,0.083
Ecuador,130,ECU,2,2017,22.029,5,0,0,13,-0.201,-1.439,2,0.923,0.072,0.555,0.401,0,1,0.375,0.083
Ecuador,130,ECU,2,2018,21.802,5,0,0,13,0.937,-1.413,2,0.948,0.349,0.643,0.401,0.333,1,0.375,0.083
Ecuador,130,ECU,2,2019,21.463,NA,0,0,13,-0.049,-0.321,2,0.958,2.487,0.618,0.401,0.667,1,0.364,0.091
Ecuador,130,ECU,2,2020,NA,NA,0,0,13,0.63,-1.468,2,0.96,-0.933,0.623,0.401,0.333,1,0.35,0.1
Ecuador,130,ECU,2,2021,NA,NA,0,0,13,-0.182,-0.584,2,0.949,0.165,0.628,0.401,0.333,1,0.333,0
Ecuador,130,ECU,2,2022,NA,NA,0,0,13,0.477,-0.504,2,0.938,1.389,0.659,0.401,0.333,1,0.278,0
Ecuador,130,ECU,2,2023,NA,NA,0,0,13,0.474,0.516,2,0.827,0.32,0.639,0.104,0.667,1,0.278,0
Ecuador,130,ECU,2,2024,NA,NA,0,0,NA,0.474,1.054,2,0.671,0.32,0.651,-0.583,0.333,1,0.214,0
Guatemala,90,GTM,2,1990,10.675,3,0,0,2,0.044,2.802,1,0.205,-0.871,0.369,-0.83,0.333,1,0.4,0
Guatemala,90,GTM,2,1991,10.836,3,0,0,2,0.044,2.802,1,0.205,-0.871,0.386,-0.83,0.333,1,0.4,0
Guatemala,90,GTM,2,1992,11.052,3,0,0,2,0.044,2.802,1,0.205,-0.871,0.386,-0.83,0.333,1,0.4,0
Guatemala,90,GTM,2,1993,11.276,3,0,0,13,0.044,2.802,1,0.21,-0.871,0.388,-0.83,0.333,0,0.4,0
Guatemala,90,GTM,2,1994,11.479,3,0,0,13,0.326,2.802,1,0.214,-0.871,0.402,-0.83,0.333,0,0.4,0
Guatemala,90,GTM,2,1995,11.711,3,0,0,13,0.326,2.802,1,0.232,-0.871,0.414,-0.83,0.333,0,0.4,0
Guatemala,90,GTM,2,1996,11.872,8,0,0,13,1.079,2.802,1,0.232,-0.871,0.452,-0.83,0.333,1,0.4,0
Guatemala,90,GTM,2,1997,12.077,8,0,0,13,1.464,0.101,1,0.353,-1.476,0.491,0.057,0.333,1,0.3,0
Guatemala,90,GTM,2,1998,12.329,8,0,0,13,1.464,0.101,1,0.353,-1.476,0.491,0.057,0.333,1,0.3,0
Guatemala,90,GTM,2,1999,12.523,8,0,0,13,1.464,0.101,1,0.331,-1.476,0.493,0.057,0.333,1,0.3,0
Guatemala,90,GTM,2,2000,12.693,8,0,0,13,1.464,0.101,2,0.578,-1.476,0.546,0.057,0.333,1,0.3,0
Guatemala,90,GTM,2,2001,12.798,8,0,0,13,1.464,0.101,2,0.578,-1.476,0.546,0.057,0.333,1,0.3,0
Guatemala,90,GTM,2,2002,12.95,8,0,0,13,1.464,0.101,2,0.578,-1.476,0.546,0.057,0.333,1,0.3,0
Guatemala,90,GTM,2,2003,13.059,8,0,0,13,1.464,0.101,2,0.578,-1.476,0.548,0.057,0.333,1,0.3,0
Guatemala,90,GTM,2,2004,13.194,8,0,0,13,1.464,0.101,2,0.619,-1.476,0.562,0.057,0.333,1,0.3,0
Guatemala,90,GTM,2,2005,13.407,8,0,0,13,1.464,0.101,2,0.619,-1.476,0.562,0.057,0.333,1,0.318,0
Guatemala,90,GTM,2,2006,13.719,8,0,0,13,1.464,0.101,2,0.619,-1.476,0.562,0.057,0.333,1,0.318,0
Guatemala,90,GTM,2,2007,14.077,8,0,0,13,1.464,0.101,2,0.619,-1.476,0.568,0.057,0.333,1,0.318,0
Guatemala,90,GTM,2,2008,14.345,8,0,0,13,1.464,0.101,2,0.623,-1.476,0.588,0.057,0.333,1,0.318,0
Guatemala,90,GTM,2,2009,14.457,8,0,0,13,1.464,0.101,2,0.623,-0.206,0.588,0.057,0.333,1,0.318,0
Guatemala,90,GTM,2,2010,14.598,8,0,0,13,1.464,0.101,2,0.623,-0.888,0.583,0.057,0.333,1,0.318,0
Guatemala,90,GTM,2,2011,14.801,8,0,0,13,1.464,0.101,2,0.623,-0.888,0.583,0.057,0.333,1,0.318,0
Guatemala,90,GTM,2,2012,15.012,8,0,0,13,1.464,0.101,2,0.623,-0.818,0.578,0.057,0.333,1,0.318,0
Guatemala,90,GTM,2,2013,15.199,8,0,0,13,1.464,0.101,2,0.623,-0.818,0.573,0.057,0,1,0.25,0
Guatemala,90,GTM,2,2014,15.407,8,0,0,13,1.464,0.101,2,0.623,-0.891,0.58,0.057,0,1,0.25,0
Guatemala,90,GTM,2,2015,15.46,8,0,0,13,1.464,0.101,2,0.623,2.455,0.595,0.057,0,1,0.25,0
Guatemala,90,GTM,2,2016,15.593,8,0,0,13,1.464,0.101,2,0.632,0.097,0.626,-0.855,0,1,0.25,0
Guatemala,90,GTM,2,2017,15.784,8,0,0,13,1.578,0.035,2,0.646,-0.697,0.629,-0.855,0,1,0.167,0
Guatemala,90,GTM,2,2018,15.877,8,0,0,13,1.257,0.035,2,0.669,-0.548,0.599,-0.855,0,1,0.278,0
Guatemala,90,GTM,2,2019,15.925,NA,0,0,13,0.923,0.035,2,0.696,-0.321,0.604,-0.461,0,1,0.188,0
Guatemala,90,GTM,2,2020,NA,NA,0,0,13,0.53,0.067,2,0.705,0.622,0.587,-0.461,0,1,0.188,0
Guatemala,90,GTM,2,2021,NA,NA,0,0,13,0.445,0.482,2,0.705,-0.259,0.549,-0.461,0,1,0.143,0
Guatemala,90,GTM,2,2022,NA,NA,0,0,13,0.255,0.539,2,0.705,-0.125,0.507,-0.461,0,1,0.214,0
Guatemala,90,GTM,2,2023,NA,NA,0,0,13,0.255,0.497,2,0.718,3.471,0.505,-0.461,0,1,0,0
Guatemala,90,GTM,2,2024,NA,NA,0,0,NA,0.915,0.439,2,0.699,-0.253,0.597,-0.461,0.333,1,0.167,0
Panama,95,PAN,2,1990,16.937,8,0,0,9,1.107,-1.54,1,0.878,-0.293,0.475,-1.277,1,1,0.167,0
Panama,95,PAN,2,1991,17.972,8,0,0,9,1.107,-1.54,2,0.878,-0.21,0.68,-1.277,1,1,0.167,0
Panama,95,PAN,2,1992,18.955,8,0,0,9,1.107,-1.54,2,0.878,-0.21,0.696,-1.277,1,1,0.167,0
Panama,95,PAN,2,1993,19.683,8,0,0,9,1.107,-1.54,2,0.878,-0.21,0.701,-1.277,1,1,0.167,0
Panama,95,PAN,2,1994,20.062,9,0,0,13,1.107,-1.54,2,0.934,-0.21,0.708,-0.74,1,1,0.167,0
Panama,95,PAN,2,1995,20.282,9,0,0,13,1.107,-1.54,2,0.934,-0.21,0.711,-0.74,1,1,0.167,0
Panama,95,PAN,2,1996,20.786,9,0,0,13,1.107,-1.54,2,0.934,-0.21,0.711,-0.74,1,1,0.167,0
Panama,95,PAN,2,1997,21.566,9,0,0,13,1.107,-1.54,2,0.934,-0.21,0.711,-0.74,1,1,0.167,0
Panama,95,PAN,2,1998,22.463,9,0,0,13,1.107,-1.54,2,0.934,-0.21,0.7,-0.74,1,1,0.167,0
Panama,95,PAN,2,1999,23.018,9,0,0,13,1.107,-1.54,2,0.934,-0.21,0.698,-0.74,1,1,0.167,0
Panama,95,PAN,2,2000,23.363,9,0,0,13,1.431,-1.54,2,0.934,-0.21,0.727,-0.74,1,1,0.167,0
Panama,95,PAN,2,2001,23.594,9,0,0,13,1.431,-1.54,2,0.934,-0.21,0.733,-0.74,1,1,0.167,0
Panama,95,PAN,2,2002,24.042,9,0,0,13,1.431,-1.54,2,0.934,-0.21,0.733,-0.74,1,1,0.167,0
Panama,95,PAN,2,2003,24.875,9,0,0,13,1.431,-1.54,2,0.934,-0.21,0.733,-0.74,1,1,0.167,0
Panama,95,PAN,2,2004,25.973,9,0,0,13,1.431,-1.54,2,0.934,-0.21,0.736,-0.74,1,1,0.167,0
Panama,95,PAN,2,2005,27.657,9,0,0,13,1.431,-1.54,2,0.934,-0.21,0.738,-0.74,1,1,0.071,0.071
Panama,95,PAN,2,2006,29.436,9,0,0,13,1.431,-1.54,2,0.934,-0.21,0.738,-0.74,1,1,0.071,0.071
Panama,95,PAN,2,2007,31.251,9,0,0,13,1.431,-1.54,2,0.934,-0.21,0.738,-0.74,1,1,0.071,0.071
Panama,95,PAN,2,2008,33.117,9,0,0,13,1.431,-1.54,2,0.934,-0.21,0.738,-0.74,1,1,0.071,0.071
Panama,95,PAN,2,2009,34.493,9,0,0,13,1.431,-1.54,2,0.934,-0.21,0.742,-0.74,1,1,0.071,0.071
Panama,95,PAN,2,2010,36.247,9,0,0,13,1.191,-1.54,2,0.934,-0.21,0.744,-0.74,1,1,0.071,0.071
Panama,95,PAN,2,2011,38.933,9,0,0,13,1.191,-1.54,2,0.934,-0.21,0.744,-0.74,1,1,0.071,0.071
Panama,95,PAN,2,2012,41.722,9,0,0,13,1.191,-1.54,2,0.934,-0.21,0.744,-0.74,1,1,0.071,0.071
Panama,95,PAN,2,2013,44.263,9,0,0,13,1.451,-1.54,2,0.946,-0.21,0.748,-0.74,0.667,1,0,0.083
Panama,95,PAN,2,2014,45.948,9,0,0,13,1.451,-1.54,2,0.946,-0.21,0.74,-0.74,0.667,1,0,0.083
Panama,95,PAN,2,2015,47.473,9,0,0,13,1.879,-1.54,2,0.946,-0.21,0.756,-0.74,0.667,1,0,0.083
Panama,95,PAN,2,2016,49.133,9,0,0,13,1.879,-1.54,2,0.946,-0.21,0.756,-0.74,0.667,1,0,0.083
Panama,95,PAN,2,2017,51.397,9,0,0,13,1.879,-1.54,2,0.946,-0.21,0.736,-0.74,0.667,1,0,0.083
Panama,95,PAN,2,2018,52.8,9,0,0,13,1.623,-1.54,2,0.931,-0.21,0.728,-0.74,0.667,1,0,0.1
Panama,95,PAN,2,2019,53.534,NA,0,0,13,1.666,-1.54,2,0.913,-0.21,0.731,-1.256,0.667,1,0.1,0.2
Panama,95,PAN,2,2020,NA,NA,0,0,13,1.666,-1.614,2,0.913,-0.729,0.73,-1.256,0.667,1,0,0.1
Panama,95,PAN,2,2021,NA,NA,0,0,13,1.666,-1.614,2,0.924,-1.792,0.738,-0.751,0.667,1,0,0.1
Panama,95,PAN,2,2022,NA,NA,0,0,13,1.666,-1.614,2,0.937,0.962,0.727,-0.582,0.667,1,0.1,0.1
Panama,95,PAN,2,2023,NA,NA,0,0,13,2.184,-0.833,2,0.937,2.57,0.725,-0.159,0.667,1,0,0.1
Panama,95,PAN,2,2024,NA,NA,0,0,NA,2.184,-0.995,2,0.937,1.1,0.726,-0.017,0.667,1,0,0.1
Uruguay,165,URY,2,1990,25.067,10,0,0,13,0.603,-1.906,3,0.964,0.141,0.841,1.217,0,1,0,0
Uruguay,165,URY,2,1991,25.854,10,0,0,13,0.603,-1.906,3,0.964,0.141,0.841,1.217,0,1,0,0
Uruguay,165,URY,2,1992,27.195,10,0,0,13,0.603,-1.906,3,0.964,0.141,0.841,1.217,0,1,0,0
Uruguay,165,URY,2,1993,28.31,10,0,0,13,0.603,-1.906,3,0.964,0.141,0.841,1.217,0,1,0,0
Uruguay,165,URY,2,1994,29.558,10,0,0,13,0.603,-1.906,3,0.933,0.141,0.842,1.217,0,1,0,0
Uruguay,165,URY,2,1995,30.065,10,0,0,13,3.185,-1.906,3,0.933,0.141,0.87,1.217,0,1,0,0
Uruguay,165,URY,2,1996,31.068,10,0,0,13,3.185,-1.906,3,0.977,0.141,0.87,1.217,0,1,0,0
Uruguay,165,URY,2,1997,32.144,10,0,0,13,3.185,-1.906,3,0.977,0.141,0.87,1.217,0,1,0,0
Uruguay,165,URY,2,1998,32.724,10,0,0,13,3.185,-1.906,3,0.977,0.141,0.877,1.217,0,1,0,0
Uruguay,165,URY,2,1999,32.235,10,0,0,13,3.185,-1.906,3,0.977,0.141,0.876,1.217,0,1,0,0
Uruguay,165,URY,2,2000,31.379,10,0,0,13,3.185,-2.244,3,0.977,0.775,0.874,1.217,0,1,0,0
Uruguay,165,URY,2,2001,30.166,10,0,0,13,3.185,-2.244,3,0.977,0.775,0.874,1.217,0,1,0,0
Uruguay,165,URY,2,2002,28.679,10,0,0,13,3.185,-2.244,3,0.977,1.486,0.874,1.217,0,1,0,0
Uruguay,165,URY,2,2003,28.361,10,0,0,13,3.185,-2.802,3,0.977,1.486,0.874,1.217,0,1,0,0
Uruguay,165,URY,2,2004,29.04,10,0,0,13,3.185,-2.802,3,0.977,0.777,0.875,1.217,0,1,0,0
Uruguay,165,URY,2,2005,30.414,10,0,0,13,3.185,-2.802,3,0.977,0.499,0.889,1.217,0,1,0.056,0.056
Uruguay,165,URY,2,2006,31.927,10,0,0,13,3.185,-2.802,3,0.977,0.499,0.892,1.217,0,1,0.056,0.056
Uruguay,165,URY,2,2007,33.779,10,0,0,13,3.185,-2.802,3,0.977,0.499,0.892,1.217,0,1,0.056,0.056
Uruguay,165,URY,2,2008,35.961,10,0,0,13,3.185,-2.802,3,0.977,0.499,0.892,1.217,0,1,0.056,0.056
Uruguay,165,URY,2,2009,38.017,10,0,0,13,3.185,-2.802,3,0.977,0.499,0.894,1.217,0,1,0.056,0.056
Uruguay,165,URY,2,2010,40.624,10,0,0,13,3.185,-2.802,3,0.977,0.499,0.912,1.217,0,1,0.1,0.05
Uruguay,165,URY,2,2011,42.792,10,0,0,13,3.185,-2.802,3,0.977,0.499,0.912,1.217,0,1,0.1,0.05
Uruguay,165,URY,2,2012,44.515,10,0,0,13,3.185,-2.802,3,0.977,0.499,0.912,1.217,0,1,0.1,0.05
Uruguay,165,URY,2,2013,45.96,10,0,0,13,3.185,-2.802,3,0.946,0.499,0.912,1.217,0,1,0.111,0.056
Uruguay,165,URY,2,2014,46.729,10,0,0,13,3.185,-2.802,3,0.946,0.499,0.911,1.217,0,1,0.111,0.056
Uruguay,165,URY,2,2015,46.283,10,0,0,13,3.185,-2.802,3,0.946,0.499,0.897,1.217,0,1,0.067,0.067
Uruguay,165,URY,2,2016,46.47,10,0,0,13,3.185,-2.802,3,0.946,0.499,0.897,1.217,0,1,0.067,0.067
Uruguay,165,URY,2,2017,47.239,10,0,0,13,2.33,-2.802,3,0.98,0.499,0.889,1.217,0,1,0.071,0.071
Uruguay,165,URY,2,2018,47.698,10,0,0,13,2.33,-2.802,3,0.98,0.499,0.9,1.217,0,1,0.077,0.077
Uruguay,165,URY,2,2019,47.918,NA,0,0,13,2.33,-2.802,3,0.98,0.499,0.898,1.217,0,1,0.091,0.091
Uruguay,165,URY,2,2020,NA,NA,0,0,13,1.446,-3.29,3,0.98,-0.165,0.87,1.09,0,1,0.136,0.045
Uruguay,165,URY,2,2021,NA,NA,0,0,13,2.168,-3.29,3,0.966,-1.116,0.857,1.09,0,1,0.05,0.05
Uruguay,165,URY,2,2022,NA,NA,0,0,13,1.884,-2.805,3,0.966,1.151,0.819,1.09,0,1,0.111,0.056
Uruguay,165,URY,2,2023,NA,NA,0,0,13,1.884,-3.162,3,0.966,0.74,0.834,1.207,0,1,0.125,0
Uruguay,165,URY,2,2024,NA,NA,0,0,NA,1.884,-3.162,3,0.961,-0.371,0.848,1.268,0,1,0.2,0
Dominican Republic,42,DOM,2,1990,11.218,5,0,0,13,0.987,-0.505,1,0.607,1.046,0.453,0.077,0,1,0,0
Dominican Republic,42,DOM,2,1991,11.386,5,0,0,13,1.48,-1.42,1,0.607,1.046,0.424,0.077,0,1,0,0
Dominican Republic,42,DOM,2,1992,11.905,5,0,0,13,1.48,-1.42,1,0.607,1.046,0.424,0.077,0,1,0,0
Dominican Republic,42,DOM,2,1993,12.512,5,0,0,13,1.48,-1.42,1,0.607,0.571,0.424,0.077,0,1,0,0
Dominican Republic,42,DOM,2,1994,12.952,5,0,0,13,1.48,-0.49,1,0.504,0.571,0.424,0.077,0,1,0,0
Dominican Republic,42,DOM,2,1995,13.451,5,0,0,13,1.48,-1.414,1,0.669,0.571,0.441,0.077,0,1,0.125,0
Dominican Republic,42,DOM,2,1996,14.115,8,0,0,13,2.048,-0.505,2,0.702,0.571,0.538,0.077,0,1,0.125,0
Dominican Republic,42,DOM,2,1997,14.951,8,0,0,13,2.048,-1.424,2,0.844,-0.334,0.614,0.077,0,1,0.125,0
Dominican Republic,42,DOM,2,1998,15.766,8,0,0,13,2.048,-1.424,2,0.844,-0.334,0.634,0.077,0,1,0.125,0
Dominican Republic,42,DOM,2,1999,16.513,8,0,0,13,2.048,-1.424,2,0.844,0.2,0.641,0.077,0,1,0.125,0
Dominican Republic,42,DOM,2,2000,17.113,8,0,0,13,2.048,-0.507,2,0.844,0.2,0.657,0.077,0,1,0.125,0
Dominican Republic,42,DOM,2,2001,17.538,8,0,0,13,2.048,-1.356,2,0.844,-0.369,0.664,0.077,0,1,0.125,0
Dominican Republic,42,DOM,2,2002,17.84,8,0,0,13,2.048,-1.356,2,0.844,-0.369,0.66,0.077,0,1,0.125,0
Dominican Republic,42,DOM,2,2003,17.805,8,0,0,13,2.048,-1.356,2,0.844,-0.369,0.658,0.077,0,1,0.125,0
Dominican Republic,42,DOM,2,2004,18.23,8,0,0,13,2.048,-1.356,2,0.844,-0.369,0.644,0.077,0,1,0,0
Dominican Republic,42,DOM,2,2005,19.379,8,0,0,13,2.048,-1.356,2,0.844,0.049,0.636,0.077,0,1,0.091,0
Dominican Republic,42,DOM,2,2006,20.691,8,0,0,13,2.121,-1.356,2,0.844,0.049,0.637,0.077,0,1,0.091,0
Dominican Republic,42,DOM,2,2007,21.894,8,0,0,13,2.047,-1.356,2,0.844,0.049,0.635,0.077,0,1,0.091,0
Dominican Republic,42,DOM,2,2008,22.672,8,0,0,13,2.047,-1.356,2,0.844,0.049,0.632,0.077,0,1,0.091,0
Dominican Republic,42,DOM,2,2009,23.352,8,0,0,13,2.047,-1.356,2,0.844,0.049,0.631,0.077,0,1,0.091,0
Dominican Republic,42,DOM,2,2010,24.341,8,0,0,13,2.036,-1.356,2,0.844,0.049,0.614,0.077,0,1,0.091,0
Dominican Republic,42,DOM,2,2011,25.009,8,0,0,13,1.983,-1.356,2,0.844,0.049,0.606,0.077,0,1,0.091,0
Dominican Republic,42,DOM,2,2012,25.603,8,0,0,13,1.983,-1.356,2,0.844,0.713,0.601,0.077,0,1,0.091,0
Dominican Republic,42,DOM,2,2013,26.428,8,0,0,13,1.983,-1.356,2,0.844,0.206,0.598,0.077,0,1,0.111,0
Dominican Republic,42,DOM,2,2014,27.576,8,0,0,13,1.983,-1.356,2,0.844,0.206,0.598,0.077,0,1,0.111,0
Dominican Republic,42,DOM,2,2015,28.702,8,0,0,13,1.633,-1.356,2,0.844,0.206,0.576,0.077,0,1,0.143,0
Dominican Republic,42,DOM,2,2016,29.957,7,0,0,13,1.633,-1.356,2,0.844,0.486,0.553,0.077,0,1,0.125,0
Dominican Republic,42,DOM,2,2017,31.241,7,0,0,13,1.633,-1.356,2,0.844,1.838,0.541,0.077,0,1,0.143,0
Dominican Republic,42,DOM,2,2018,32.298,7,0,0,13,1.633,-1.356,2,0.871,1.025,0.547,0.077,0,1,0.143,0
Dominican Republic,42,DOM,2,2019,32.642,NA,0,0,13,1.633,-1.356,2,0.84,0.62,0.541,0.077,0,1,0.143,0
Dominican Republic,42,DOM,2,2020,NA,NA,0,0,13,2.721,-1.356,2,0.869,0.7,0.643,0.077,0,1,0.214,0
Dominican Republic,42,DOM,2,2021,NA,NA,0,0,13,2.721,-1.282,2,0.874,-1.728,0.687,0.077,0,1,0.214,0
Dominican Republic,42,DOM,2,2022,NA,NA,0,0,13,2.721,-0.457,2,0.874,-1.583,0.683,0.077,0,1,0.167,0
Dominican Republic,42,DOM,2,2023,NA,NA,0,0,13,2.721,-0.513,2,0.874,-1.583,0.683,0.077,0,1,0.1,0
Dominican Republic,42,DOM,2,2024,NA,NA,0,0,NA,2.78,-0.518,2,0.887,-0.148,0.705,0.077,0,1,0.125,0
Jamaica,51,JAM,2,1990,13.902,10,0,0,13,2.482,1.052,2,0.852,-1.791,0.577,1.812,0.333,0,0.1,0.1
Jamaica,51,JAM,2,1991,14.37,10,0,0,13,2.482,1.052,2,0.852,-1.791,0.577,1.812,0.333,0,0.1,0.1
Jamaica,51,JAM,2,1992,14.756,10,0,0,13,2.482,1.223,2,0.852,-1.791,0.577,1.812,0.333,0,0.1,0.1
Jamaica,51,JAM,2,1993,15.222,9,0,0,13,2.482,1.042,2,0.852,-1.791,0.62,1.812,0.333,0,0.1,0.1
Jamaica,51,JAM,2,1994,15.471,9,0,0,13,2.482,1.042,2,0.852,-1.791,0.638,1.812,0.333,0,0.1,0.1
Jamaica,51,JAM,2,1995,15.619,9,0,0,13,2.482,1.042,2,0.852,-1.791,0.641,1.812,0.333,0,0.1,0.1
Jamaica,51,JAM,2,1996,15.603,9,0,0,13,2.482,1.042,2,0.852,-1.791,0.645,1.812,0.333,0,0.1,0.1
Jamaica,51,JAM,2,1997,15.446,9,0,0,13,2.482,0.555,2,0.852,-1.791,0.651,1.812,0.333,0,0.1,0.1
Jamaica,51,JAM,2,1998,15.342,9,0,0,13,2.482,0.555,2,0.852,-1.303,0.678,1.812,0.333,0,0.1,0.1
Jamaica,51,JAM,2,1999,15.359,9,0,0,13,2.482,0.555,2,0.852,-1.417,0.678,1.812,0.333,0,0.1,0.1
Jamaica,51,JAM,2,2000,15.414,9,0,0,13,2.482,0.248,2,0.852,-1.868,0.683,1.812,0.333,0,0.1,0.1
Jamaica,51,JAM,2,2001,15.503,9,0,0,13,2.482,0.326,2,0.852,-1.868,0.683,1.812,0.333,0,0.1,0.1
Jamaica,51,JAM,2,2002,15.739,9,0,0,13,2.482,-0.044,2,0.852,-1.868,0.706,1.812,0.333,0,0.1,0.1
Jamaica,51,JAM,2,2003,16.065,9,0,0,13,2.482,-0.044,2,0.852,-1.868,0.751,1.812,0.333,0,0.1,0.1
Jamaica,51,JAM,2,2004,16.298,9,0,0,13,2.482,-0.044,2,0.852,-1.868,0.751,1.812,0.333,0,0.1,0.1
Jamaica,51,JAM,2,2005,16.526,9,0,0,13,2.482,-0.044,2,0.852,-1.868,0.756,1.812,0.333,0,0.111,0.167
Jamaica,51,JAM,2,2006,16.813,9,0,0,13,2.482,-0.044,2,0.852,-1.868,0.763,1.812,0.333,0,0.111,0.167
Jamaica,51,JAM,2,2007,16.952,9,0,0,13,2.482,-0.044,2,0.852,-1.868,0.767,1.812,0.333,0,0.111,0.167
Jamaica,51,JAM,2,2008,16.868,9,0,0,13,2.482,-0.044,2,0.852,-1.868,0.776,1.812,0.333,0,0.111,0.167
Jamaica,51,JAM,2,2009,16.643,9,0,0,13,2.482,-0.044,2,0.852,-1.868,0.776,1.812,0.333,0,0.111,0.167
Jamaica,51,JAM,2,2010,16.511,9,0,0,13,2.482,-0.401,2,0.859,-1.868,0.776,1.812,0.333,0,0.111,0.167
Jamaica,51,JAM,2,2011,16.478,9,0,0,13,2.482,-0.463,2,0.859,-1.868,0.773,1.812,0.333,0,0.111,0.167
Jamaica,51,JAM,2,2012,16.363,9,0,0,13,2.482,-0.463,2,0.859,-1.868,0.785,1.812,0.333,0,0.111,0.167
Jamaica,51,JAM,2,2013,16.295,9,0,0,13,2.371,-0.463,2,0.85,-1.868,0.801,1.812,0.333,0,0.083,0.167
Jamaica,51,JAM,2,2014,16.182,9,0,0,13,2.371,-0.463,2,0.85,-1.868,0.801,1.812,0.333,0,0.083,0.167
Jamaica,51,JAM,2,2015,15.977,9,0,0,13,2.371,-0.463,2,0.85,-1.868,0.801,1.812,0.333,0,0.083,0.167
Jamaica,51,JAM,2,2016,16.082,9,0,0,13,2.371,-0.463,2,0.85,-1.868,0.809,1.812,0.333,0,0.083,0.167
Jamaica,51,JAM,2,2017,16.449,9,0,0,13,2.371,-0.463,2,0.858,-1.868,0.815,1.812,0.333,0,0.1,0.3
Jamaica,51,JAM,2,2018,16.651,9,0,0,13,2.371,-0.463,2,0.858,-1.868,0.811,1.812,0.333,0,0.1,0.2
Jamaica,51,JAM,2,2019,16.689,NA,0,0,13,2.371,-0.463,3,0.887,-1.207,0.814,1.812,0.333,0,0.1,0.2
Jamaica,51,JAM,2,2020,NA,NA,0,0,13,2.371,-0.463,2,0.887,-1.109,0.814,1.812,0.333,0,0.125,0.125
Jamaica,51,JAM,2,2021,NA,NA,0,0,13,2.371,-0.463,2,0.858,-1.693,0.806,1.421,0.333,0,0.125,0.25
Jamaica,51,JAM,2,2022,NA,NA,0,0,13,2.371,-0.48,2,0.882,-1.358,0.803,1.843,0.333,0,0.125,0.25
Jamaica,51,JAM,2,2023,NA,NA,0,0,13,2.371,-0.66,2,0.815,-1.679,0.803,1.432,0.333,0,0.125,0.125
Jamaica,51,JAM,2,2024,NA,NA,0,0,NA,2.371,-0.66,3,0.815,-2.357,0.803,1.432,0.333,0,0.125,0.25
Trinidad and Tobago,52,TTO,2,1990,27.842,8,0,0,13,2.121,0.072,2,0.936,-1.629,0.73,1.344,0.333,0,0,0.2
Trinidad and Tobago,52,TTO,2,1991,27.825,8,0,0,13,2.121,-2.192,2,0.936,-1.629,0.746,1.344,0.333,0,0,0.2
Trinidad and Tobago,52,TTO,2,1992,28.44,8,0,0,13,2.121,-2.192,2,0.936,-1.629,0.765,1.344,0.333,0,0,0.2
Trinidad and Tobago,52,TTO,2,1993,28.262,8,0,0,13,2.121,-2.192,2,0.936,-1.629,0.765,1.344,0.333,0,0,0.2
Trinidad and Tobago,52,TTO,2,1994,28.502,8,0,0,13,2.121,-2.192,2,0.936,-1.629,0.765,1.344,0.333,0,0,0.2
Trinidad and Tobago,52,TTO,2,1995,29.426,9,0,0,13,2.121,-2.192,2,0.936,-1.629,0.76,1.344,0.333,0,0,0.2
Trinidad and Tobago,52,TTO,2,1996,30.73,9,0,0,13,2.121,-2.192,2,0.936,-1.629,0.759,1.344,0.333,0,0,0.2
Trinidad and Tobago,52,TTO,2,1997,32.517,9,0,0,13,2.121,-2.192,2,0.936,-1.629,0.759,1.344,0.333,0,0,0.2
Trinidad and Tobago,52,TTO,2,1998,34.652,9,0,0,13,2.121,-2.192,2,0.936,-1.629,0.759,1.344,0.333,0,0,0.2
Trinidad and Tobago,52,TTO,2,1999,37.547,9,0,0,13,2.121,-2.192,2,0.936,-1.629,0.759,1.344,0.333,0,0,0.2
Trinidad and Tobago,52,TTO,2,2000,40.676,9,0,0,13,2.121,-2.192,2,0.936,-1.629,0.767,1.344,0.333,0,0,0.2
Trinidad and Tobago,52,TTO,2,2001,43.034,9,0,0,13,2.121,-2.192,2,0.936,-1.629,0.731,1.344,0.333,0,0,0.2
Trinidad and Tobago,52,TTO,2,2002,46.391,9,0,0,13,2.121,-2.192,2,0.936,-1.629,0.746,1.344,0.333,0,0,0.2
Trinidad and Tobago,52,TTO,2,2003,51.699,9,0,0,13,2.121,-2.192,2,0.936,-1.629,0.758,1.344,0.333,0,0,0.2
Trinidad and Tobago,52,TTO,2,2004,56.55,9,0,0,13,2.121,-2.192,2,0.936,-1.629,0.758,1.344,0.333,0,0,0.2
Trinidad and Tobago,52,TTO,2,2005,61.529,9,0,0,13,2.121,-2.192,3,0.936,-1.629,0.759,1.344,0.333,0,0,0.25
Trinidad and Tobago,52,TTO,2,2006,67.198,9,0,0,13,2.121,-2.192,3,0.936,-1.629,0.763,1.344,0.333,0,0,0.25
Trinidad and Tobago,52,TTO,2,2007,71.067,9,0,0,13,2.121,-2.192,3,0.936,-1.629,0.76,1.344,0.333,0,0,0.25
Trinidad and Tobago,52,TTO,2,2008,73.279,9,0,0,13,2.121,-2.192,3,0.936,-1.629,0.764,1.344,0.333,0,0,0.25
Trinidad and Tobago,52,TTO,2,2009,71.465,9,0,0,13,2.121,-2.192,3,0.936,-1.629,0.764,1.344,0.333,0,0,0.25
Trinidad and Tobago,52,TTO,2,2010,72.458,9,0,0,13,2.121,-2.192,3,0.942,-0.966,0.775,1.344,0.333,0,0,0.25
Trinidad and Tobago,52,TTO,2,2011,73.538,9,0,0,13,2.121,-2.192,3,0.942,-1.641,0.78,1.344,0.333,0,0,0.25
Trinidad and Tobago,52,TTO,2,2012,74.369,9,0,0,13,2.121,-2.192,3,0.942,-1.641,0.78,1.344,0.333,0,0,0.25
Trinidad and Tobago,52,TTO,2,2013,74.866,9,0,0,13,2.121,-2.192,3,0.96,-1.641,0.746,1.344,0.333,0,0,0.167
Trinidad and Tobago,52,TTO,2,2014,74.036,9,0,0,13,2.121,-2.192,3,0.96,-0.945,0.746,1.344,0.333,0,0,0.167
Trinidad and Tobago,52,TTO,2,2015,71.975,9,0,0,13,2.121,-2.192,3,0.96,-1.776,0.764,1.344,0.333,0,0,0.167
Trinidad and Tobago,52,TTO,2,2016,69.105,9,0,0,13,2.121,-2.192,3,0.96,-1.776,0.754,1.344,0.333,0,0,0.167
Trinidad and Tobago,52,TTO,2,2017,67.149,9,0,0,13,2.121,-2.192,3,0.944,-1.776,0.75,1.344,0.333,0,0,0.25
Trinidad and Tobago,52,TTO,2,2018,66.261,9,0,0,13,2.121,-2.192,3,0.944,-1.776,0.744,1.579,0.333,0,0,0.25
Trinidad and Tobago,52,TTO,2,2019,65.763,NA,0,0,13,2.121,-2.192,3,0.944,-1.776,0.75,1.579,0.333,0,0,0.25
Trinidad and Tobago,52,TTO,2,2020,NA,NA,0,0,13,2.121,-2.192,3,0.919,-2.773,0.753,1.401,0.333,0,0,0.25
Trinidad and Tobago,52,TTO,2,2021,NA,NA,0,0,13,2.587,-2.192,2,0.919,-0.669,0.77,1.401,0.333,0,0,0.25
Trinidad and Tobago,52,TTO,2,2022,NA,NA,0,0,13,1.846,-1.767,2,0.89,-0.669,0.755,1.401,0.333,0,0,0.25
Trinidad and Tobago,52,TTO,2,2023,NA,NA,0,0,13,1.846,-1.767,2,0.89,-1.996,0.755,1.401,0.333,0,0,0.25
Trinidad and Tobago,52,TTO,2,2024,NA,NA,0,0,NA,1.846,-1.767,2,0.89,-2.217,0.755,1.401,0.333,0,0,0.25
Barbados,53,BRB,2,1990,33.97,NA,0,0,13,2.656,-2.588,2,0.92,-1.364,0.745,1.221,0.667,0,0,0.167
Barbados,53,BRB,2,1991,33.575,NA,0,0,13,2.656,-2.588,2,0.92,-0.138,0.76,1.221,0.667,0,0,0.167
Barbados,53,BRB,2,1992,32.767,NA,0,0,13,2.656,-2.588,2,0.92,-1.64,0.76,1.221,0.667,0,0,0.167
Barbados,53,BRB,2,1993,32.914,NA,0,0,13,2.656,-2.588,2,0.92,-1.64,0.76,1.221,0.667,0,0,0.167
Barbados,53,BRB,2,1994,33.645,NA,0,0,13,2.656,-2.588,2,0.92,-1.64,0.763,1.221,0.667,0,0,0.167
Barbados,53,BRB,2,1995,34.554,NA,0,0,13,2.656,-2.588,2,0.92,-1.64,0.767,1.221,0.667,0,0,0.167
Barbados,53,BRB,2,1996,35.909,NA,0,0,13,2.656,-2.588,2,0.92,-1.64,0.767,1.221,0.667,0,0,0.167
Barbados,53,BRB,2,1997,37.058,NA,0,0,13,2.656,-2.588,2,0.92,-1.64,0.767,1.221,0.667,0,0,0.167
Barbados,53,BRB,2,1998,37.666,NA,0,0,13,2.656,-2.588,2,0.92,-1.64,0.767,1.221,0.667,0,0,0.167
Barbados,53,BRB,2,1999,38.054,NA,0,0,13,2.656,-2.588,2,0.92,-1.64,0.77,1.221,0.667,0,0,0.167
Barbados,53,BRB,2,2000,38.427,NA,0,0,13,2.656,-2.588,2,0.92,-1.64,0.769,1.221,0.667,0,0,0.167
Barbados,53,BRB,2,2001,37.827,NA,0,0,13,2.656,-2.588,2,0.92,-1.64,0.769,1.221,0.667,0,0,0.167
Barbados,53,BRB,2,2002,37.471,NA,0,0,13,2.656,-2.588,2,0.92,-1.64,0.769,1.221,0.667,0,0,0.167
Barbados,53,BRB,2,2003,37.642,NA,0,0,13,2.656,-2.588,2,0.92,-1.64,0.767,1.221,0.667,0,0,0.167
Barbados,53,BRB,2,2004,37.889,NA,0,0,13,2.656,-2.588,2,0.92,-1.64,0.765,1.221,0.667,0,0,0.167
Barbados,53,BRB,2,2005,38.552,NA,0,0,13,2.656,-2.588,2,0.92,-1.64,0.765,1.221,0.667,0,0,0.357
Barbados,53,BRB,2,2006,39.273,NA,0,0,13,2.656,-2.588,2,0.895,-1.328,0.765,1.221,0.667,0,0,0.357
Barbados,53,BRB,2,2007,39.641,NA,0,0,13,2.656,-2.588,2,0.92,-1.651,0.765,1.221,0.667,0,0,0.357
Barbados,53,BRB,2,2008,39.193,NA,0,0,13,2.656,-2.588,2,0.92,-1.651,0.782,1.221,0.667,0,0,0.357
Barbados,53,BRB,2,2009,37.843,NA,0,0,13,2.656,-2.588,2,0.92,-1.651,0.783,1.221,0.667,0,0,0.357
Barbados,53,BRB,2,2010,36.574,NA,0,0,13,2.656,-2.588,2,0.92,-1.651,0.783,1.221,0.667,0,0,0.357
Barbados,53,BRB,2,2011,35.282,NA,0,0,13,2.656,-2.588,2,0.92,-1.651,0.783,1.221,0.667,0,0,0.357
Barbados,53,BRB,2,2012,34.317,NA,0,0,13,2.656,-2.588,2,0.92,-1.651,0.783,1.221,0.667,0,0,0.357
Barbados,53,BRB,2,2013,33.617,NA,0,0,13,2.656,-2.588,2,0.92,-1.33,0.779,1.221,0.667,0,0,0.357
Barbados,53,BRB,2,2014,33.362,NA,0,0,13,2.656,-2.588,2,0.896,-1.029,0.779,1.221,0.667,0,0,0.357
Barbados,53,BRB,2,2015,33.317,NA,0,0,13,2.333,-2.588,3,0.939,-1.029,0.777,1.221,0.667,0,0,0.357
Barbados,53,BRB,2,2016,33.941,NA,0,0,13,2.333,-2.588,3,0.939,-0.599,0.777,1.221,0.667,0,0,0.357
Barbados,53,BRB,2,2017,35.407,NA,0,0,13,2.333,-2.588,3,0.939,0.189,0.774,1.221,0.667,0,0,0.357
Barbados,53,BRB,2,2018,36.324,NA,0,0,13,1.675,-2.588,3,0.903,-0.219,0.776,1.221,0.667,0,0,0.333
Barbados,53,BRB,2,2019,37.336,NA,0,0,13,2.207,-2.588,3,0.903,-1.647,0.789,1.221,0.667,0,0,0.25
Barbados,53,BRB,2,2020,NA,NA,0,0,13,2.207,-2.588,3,0.937,-1.343,0.801,1.221,0.667,0,0,0.333
Barbados,53,BRB,2,2021,NA,NA,0,0,13,2.207,-2.588,3,0.937,-0.737,0.795,1.221,0.667,0,0,0.25
Barbados,53,BRB,2,2022,NA,NA,0,0,13,2.207,-2.588,3,0.937,-1.476,0.793,1.221,0.667,0,0,0.25
Barbados,53,BRB,2,2023,NA,NA,0,0,13,2.207,-2.588,3,0.937,-0.98,0.792,1.221,0.667,0,0,0.25
Barbados,53,BRB,2,2024,NA,NA,0,0,NA,2.207,-2.588,3,0.937,-0.98,0.786,1.221,0.667,0,0,0.25
Cuba,40,CUB,2,1990,13.578,-7,0,0,13,-1.508,0.189,0,0.549,2.311,0.071,-1.918,0,0,0.125,0.5
Cuba,40,CUB,2,1991,12.213,-7,0,0,13,-1.508,0.189,0,0.549,2.311,0.071,-1.918,0,0,0.125,0.5
Cuba,40,CUB,2,1992,10.847,-7,0,0,13,-1.508,0.189,0,0.549,1.734,0.071,-1.918,0,0,0.125,0.5
Cuba,40,CUB,2,1993,9.721,-7,0,0,13,-1.508,0.189,0,0.549,2.234,0.103,-1.918,0,0,0.125,0.5
Cuba,40,CUB,2,1994,9.444,-7,0,0,13,-1.508,0.189,0,0.549,2.234,0.108,-1.918,0,0,0.125,0.5
Cuba,40,CUB,2,1995,9.585,-7,0,0,13,-1.508,0.189,0,0.549,2.234,0.108,-1.918,0,0,0.125,0.5
Cuba,40,CUB,2,1996,9.968,-7,0,0,13,-1.508,0.189,0,0.549,2.234,0.108,-1.918,0,0,0.125,0.5
Cuba,40,CUB,2,1997,10.258,-7,0,0,13,-1.508,-0.341,0,0.549,2.234,0.108,-1.918,0,0,0.125,0.5
Cuba,40,CUB,2,1998,10.481,-7,0,0,13,-1.508,-0.341,0,0.549,2.234,0.113,-1.918,0,0,0.125,0.5
Cuba,40,CUB,2,1999,10.884,-7,0,0,13,-1.508,-0.341,0,0.549,2.234,0.113,-1.918,0,0,0.125,0.5
Cuba,40,CUB,2,2000,11.441,-7,0,0,13,-1.508,-0.341,0,0.549,2.234,0.114,-1.918,0,0,0.125,0.5
Cuba,40,CUB,2,2001,11.87,-7,0,0,13,-1.508,-0.341,0,0.549,2.234,0.114,-1.918,0,0,0.125,0.5
Cuba,40,CUB,2,2002,12.187,-7,0,0,13,-1.508,-0.341,0,0.549,2.234,0.114,-1.918,0,0,0.125,0.5
Cuba,40,CUB,2,2003,12.514,-7,0,0,13,-1.508,-0.341,0,0.549,2.234,0.114,-1.918,0,0,0.125,0.5
Cuba,40,CUB,2,2004,12.845,-7,0,0,13,-1.508,-0.341,0,0.549,2.234,0.114,-1.918,0,0,0.125,0.5
Cuba,40,CUB,2,2005,13.438,-7,0,0,13,-1.508,-0.341,0,0.56,2.234,0.113,-1.918,0,0,0.167,0.5
Cuba,40,CUB,2,2006,14.325,-7,0,0,13,-1.508,-0.341,0,0.56,1.856,0.114,-1.918,0,0,0.167,0.5
Cuba,40,CUB,2,2007,15.078,-7,0,0,13,-1.508,-0.341,0,0.56,1.856,0.114,-1.918,0,0,0.167,0.5
Cuba,40,CUB,2,2008,15.719,-7,0,0,13,-1.305,-0.341,0,0.526,1.856,0.105,-1.918,0,0,0.167,0.5
Cuba,40,CUB,2,2009,16.278,-7,0,0,13,-1.305,-0.341,0,0.561,1.856,0.167,-1.918,0,0,0.167,0.5
Cuba,40,CUB,2,2010,16.777,-7,0,0,13,-1.305,-0.808,0,0.601,1.626,0.167,-1.918,0,0,0.167,0.5
Cuba,40,CUB,2,2011,17.247,-7,0,0,13,-1.305,-0.808,0,0.582,1.626,0.167,-1.918,0,0,0.167,0.5
Cuba,40,CUB,2,2012,17.683,-7,0,0,13,-1.305,-0.808,0,0.601,1.626,0.167,-1.918,0,0,0.167,0.5
Cuba,40,CUB,2,2013,18.014,-7,0,0,13,-1.357,-0.808,0,0.609,1.626,0.169,-1.918,0,0,0.167,0.611
Cuba,40,CUB,2,2014,18.066,-7,0,0,13,-1.548,-0.808,0,0.609,1.064,0.169,-1.918,0,0,0.167,0.611
Cuba,40,CUB,2,2015,18.479,-7,0,0,13,-1.548,-0.808,0,0.609,1.064,0.169,-1.918,0,0,0.167,0.611
Cuba,40,CUB,2,2016,19.096,-7,0,0,13,-1.465,-0.808,0,0.529,1.064,0.171,-1.918,0,0,0.188,0.625
Cuba,40,CUB,2,2017,19.482,-7,0,0,13,-1.465,-0.808,0,0.617,1.064,0.17,-1.918,0,0,0.188,0.625
Cuba,40,CUB,2,2018,19.706,-5,0,0,13,-1.465,-0.808,0,0.544,1.064,0.177,-1.918,0,0,0.188,0.75
Cuba,40,CUB,2,2019,19.759,NA,0,0,13,-1.151,-0.808,0,0.523,1.064,0.181,-1.684,0,0,0.312,0.75
Cuba,40,CUB,2,2020,NA,NA,0,0,13,-1.537,-1.124,0,0.537,1.033,0.179,-1.984,0,0,0.312,0.75
Cuba,40,CUB,2,2021,NA,NA,0,0,13,-2.088,-0.095,0,0.436,1.086,0.179,-2.021,0,0,0.25,0.75
Cuba,40,CUB,2,2022,NA,NA,0,0,13,-2.088,-0.699,0,0.432,-1.059,0.178,-1.977,0,0,0.25,0.75
Cuba,40,CUB,2,2023,NA,NA,0,0,13,-2.088,-0.697,0,0.511,-1.134,0.175,-1.977,0,0,0.25,0.812
Cuba,40,CUB,2,2024,NA,NA,0,0,NA,-2.088,-0.726,0,0.511,0.145,0.178,-1.977,0,0,0.125,0.75
Guyana,110,GUY,2,1990,7.808,-7,0,0,9,0.756,-1.241,1,0.715,-0.625,0.317,0.262,0.333,0,0.25,0.125
Guyana,110,GUY,2,1991,8.129,-7,0,0,9,0.756,-1.241,1,0.715,-0.625,0.313,0.262,0.333,0,0.25,0.125
Guyana,110,GUY,2,1992,8.616,6,0,0,13,1.154,-1.187,1,0.715,-0.625,0.356,0.262,0.333,0,0.25,0.125
Guyana,110,GUY,2,1993,9.211,6,0,0,13,0.391,-1.25,1,0.715,-0.625,0.445,0.262,0.333,0,0.25,0.125
Guyana,110,GUY,2,1994,9.874,6,0,0,13,0.391,-1.25,1,0.715,-0.625,0.445,0.262,0.333,0,0.25,0.125
Guyana,110,GUY,2,1995,10.499,6,0,0,13,0.391,-1.25,1,0.715,-0.625,0.445,0.262,0.333,0,0.25,0.125
Guyana,110,GUY,2,1996,11.134,6,0,0,13,0.391,-1.25,1,0.715,-0.625,0.445,0.262,0.333,0,0.25,0.125
Guyana,110,GUY,2,1997,11.668,6,0,0,13,0.391,-1.239,1,0.715,-0.625,0.453,0.262,0.333,0,0.25,0.125
Guyana,110,GUY,2,1998,11.947,6,0,0,13,0.539,-0.92,2,0.715,-0.625,0.53,0.262,0.333,0,0.25,0.125
Guyana,110,GUY,2,1999,12.259,6,0,0,13,0.539,-1.323,2,0.715,-0.625,0.529,0.262,0.333,0,0.25,0.125
Guyana,110,GUY,2,2000,12.502,6,0,0,13,0.539,-1.323,2,0.566,-0.625,0.527,0.262,0.333,0,0.25,0.125
Guyana,110,GUY,2,2001,12.805,6,0,0,13,0.539,-1.059,2,0.51,-0.625,0.555,0.262,0.333,0,0.25,0.125
Guyana,110,GUY,2,2002,13.069,6,0,0,13,0.539,-0.443,2,0.57,-0.748,0.568,0.262,0.333,0,0.25,0.125
Guyana,110,GUY,2,2003,13.331,6,0,0,13,0.974,-0.443,2,0.57,-0.943,0.585,0.262,0.333,0,0.25,0.125
Guyana,110,GUY,2,2004,13.645,6,0,0,13,0.974,-0.904,2,0.57,-0.943,0.585,0.262,0.333,0,0.25,0.125
Guyana,110,GUY,2,2005,14.037,6,0,0,13,0.974,-0.904,2,0.57,-0.943,0.585,0.262,0.333,0,0.143,0.143
Guyana,110,GUY,2,2006,14.75,6,0,0,13,0.974,-0.904,2,0.583,-0.943,0.582,0.262,0.333,0,0.143,0.143
Guyana,110,GUY,2,2007,15.544,6,0,0,13,0.974,-0.904,2,0.583,-0.943,0.582,0.262,0.333,0,0.143,0.143
Guyana,110,GUY,2,2008,16.24,6,0,0,13,1.069,-1.055,2,0.583,-0.943,0.583,0.262,0.333,0,0.143,0.143
Guyana,110,GUY,2,2009,16.952,6,0,0,13,1.069,-1.055,2,0.577,-0.943,0.583,0.262,0.333,0,0.143,0.143
Guyana,110,GUY,2,2010,17.705,6,0,0,13,1.069,-1.075,2,0.624,-0.491,0.58,0.262,0.333,0,0.143,0.143
Guyana,110,GUY,2,2011,18.444,6,0,0,13,1.17,-1.296,2,0.641,-0.491,0.581,0.262,0.333,0,0.143,0.143
Guyana,110,GUY,2,2012,19.185,6,0,0,13,1.17,-1.296,2,0.641,-0.251,0.579,0.262,0.333,0,0.143,0.143
Guyana,110,GUY,2,2013,19.716,6,0,0,13,1.591,-1.296,2,0.641,-0.477,0.61,0.262,0.333,0,0.083,0.125
Guyana,110,GUY,2,2014,20.003,6,0,0,13,1.591,-1.296,2,0.641,-0.477,0.608,0.262,0.333,0,0.083,0.125
Guyana,110,GUY,2,2015,20.118,7,0,0,13,2.229,-0.734,2,0.841,-0.477,0.647,0.262,0.333,0,0.042,0.125
Guyana,110,GUY,2,2016,20.521,7,0,0,13,2.229,-1.927,2,0.883,-0.477,0.659,0.262,0.333,0,0.056,0.167
Guyana,110,GUY,2,2017,21.018,7,0,0,13,2.229,-1.927,2,0.883,-0.477,0.661,0.262,0.333,0,0.062,0.188
Guyana,110,GUY,2,2018,21.573,7,0,0,13,2.229,-1.927,2,0.883,-0.477,0.665,0.262,0,0,0.083,0.333
Guyana,110,GUY,2,2019,22.018,NA,0,0,13,1.895,-1.494,2,0.847,-0.254,0.645,0.563,0,0,0.083,0.083
Guyana,110,GUY,2,2020,NA,NA,0,0,13,1.895,-1.485,2,0.954,0.486,0.557,0.867,0,0,0.167,0.083
Guyana,110,GUY,2,2021,NA,NA,0,0,13,0.985,-1.835,1,0.945,-0.755,0.495,0.867,0,0,0.2,0.2
Guyana,110,GUY,2,2022,NA,NA,0,0,13,0.985,-1.835,1,0.889,-1.752,0.496,0.636,0,0,0.25,0.125
Guyana,110,GUY,2,2023,NA,NA,0,0,13,1.6,-0.869,1,0.893,-1.752,0.491,0.636,0,0,0.125,0.125
Guyana,110,GUY,2,2024,NA,NA,0,0,NA,1.6,-2.039,1,0.893,-2.012,0.491,0.636,0,0,0.125,0.25
Paraguay,150,PRY,2,1990,11.415,2,0,0,9,1.16,-0.416,1,0.666,-0.06,0.387,-0.608,0.333,1,0.4,0.4
Paraguay,150,PRY,2,1991,11.644,2,0,0,9,1.16,-0.416,1,0.666,-0.06,0.401,-0.608,0.333,1,0.4,0.4
Paraguay,150,PRY,2,1992,11.776,7,0,0,13,1.16,-0.416,1,0.779,-0.06,0.479,-0.608,1,1,0.3,0.4
Paraguay,150,PRY,2,1993,11.999,7,0,0,13,1.16,-0.416,2,0.779,-0.06,0.511,-0.232,1,1,0.3,0.4
Paraguay,150,PRY,2,1994,12.213,7,0,0,13,1.16,-0.416,2,0.779,0.195,0.519,-0.232,1,1,0.3,0.4
Paraguay,150,PRY,2,1995,12.426,7,0,0,13,1.16,-0.416,2,0.779,0.195,0.519,-0.232,1,1,0.3,0.4
Paraguay,150,PRY,2,1996,12.451,7,0,0,13,1.16,-0.416,2,0.779,0.195,0.526,-0.232,1,1,0.3,0.4
Paraguay,150,PRY,2,1997,12.433,7,0,0,13,1.16,-0.416,2,0.779,0.195,0.531,-0.228,1,1,0.3,0.4
Paraguay,150,PRY,2,1998,12.243,6,0,0,13,1.16,-0.416,2,0.779,0.195,0.534,-0.228,1,1,0.3,0.4
Paraguay,150,PRY,2,1999,11.905,7,0,0,13,1.16,-0.416,2,0.779,0.195,0.536,-0.228,1,1,0.3,0.4
Paraguay,150,PRY,2,2000,11.581,7,0,1,13,1.16,-0.416,2,0.848,0.202,0.54,-0.228,1,1,0.1,0.4
Paraguay,150,PRY,2,2001,11.618,7,0,0,13,1.16,-0.416,2,0.848,0.202,0.54,-0.228,1,1,0,0.3
Paraguay,150,PRY,2,2002,12.078,7,0,0,13,1.16,-0.416,2,0.848,0.202,0.54,-0.228,1,1,0,0.3
Paraguay,150,PRY,2,2003,12.454,8,0,0,13,1.16,-0.416,2,0.848,0.202,0.566,-0.228,1,1,0,0.3
Paraguay,150,PRY,2,2004,12.753,8,0,0,13,1.16,-0.416,2,0.848,0.202,0.594,-0.228,1,1,0,0.3
Paraguay,150,PRY,2,2005,12.991,8,0,0,13,1.16,-0.416,2,0.848,0.202,0.594,-0.228,1,1,0.091,0.136
Paraguay,150,PRY,2,2006,13.422,8,0,0,13,1.16,-0.416,2,0.848,0.202,0.594,-0.228,1,1,0.091,0.136
Paraguay,150,PRY,2,2007,13.903,8,0,0,13,1.16,-0.416,2,0.848,-0.042,0.594,-0.228,1,1,0.091,0.136
Paraguay,150,PRY,2,2008,14.457,8,0,0,13,1.83,-0.416,2,0.867,-0.091,0.62,-0.228,1,1,0.091,0.091
Paraguay,150,PRY,2,2009,14.848,8,0,0,13,2.433,-0.416,2,0.867,-0.45,0.636,-0.228,1,1,0.091,0.091
Paraguay,150,PRY,2,2010,15.718,8,0,0,13,2.433,-0.416,2,0.867,-0.45,0.64,0.123,1,1,0.091,0.091
Paraguay,150,PRY,2,2011,16.343,8,0,0,13,1.971,-0.416,2,0.867,0.133,0.633,0.123,1,1,0.091,0.091
Paraguay,150,PRY,2,2012,16.668,8,0,0,13,1.63,-0.416,2,0.857,0.628,0.609,0.123,1,1,0.091,0.091
Paraguay,150,PRY,2,2013,17.453,9,0,0,13,0.961,-0.416,2,0.851,0.453,0.589,0.123,1,1,0.136,0.091
Paraguay,150,PRY,2,2014,18.038,9,0,0,13,1.09,-0.416,2,0.851,0.453,0.595,0.123,1,1,0.136,0.091
Paraguay,150,PRY,2,2015,18.326,9,0,0,13,0.906,-0.416,2,0.86,0.453,0.591,0.123,1,1,0.136,0.091
Paraguay,150,PRY,2,2016,18.86,9,0,0,13,1.14,-0.416,2,0.902,0.083,0.591,0.123,1,1,0.1,0.05
Paraguay,150,PRY,2,2017,19.619,9,0,0,13,1.14,-0.416,2,0.902,0.919,0.594,0.123,1,1,0.1,0.05
Paraguay,150,PRY,2,2018,20.022,9,0,0,13,1.14,-0.416,2,0.899,0.294,0.584,0.123,0.667,1,0.1,0.05
Paraguay,150,PRY,2,2019,19.99,NA,0,0,13,1.14,-0.416,2,0.899,0.294,0.584,0.123,1,1,0.056,0.111
Paraguay,150,PRY,2,2020,NA,NA,0,0,13,1.14,-0.416,2,0.857,0.433,0.582,0.123,1,1,0,0.125
Paraguay,150,PRY,2,2021,NA,NA,0,0,13,1.14,-0.332,2,0.857,0.711,0.582,0.123,1,1,0,0.167
Paraguay,150,PRY,2,2022,NA,NA,0,0,13,1.14,-0.332,2,0.823,0.961,0.582,0.123,1,1,0,0.167
Paraguay,150,PRY,2,2023,NA,NA,0,0,13,1.14,-0.332,2,0.823,0.961,0.575,0.123,1,1,0,0.167
Paraguay,150,PRY,2,2024,NA,NA,0,0,NA,1.14,-0.332,2,0.846,0.431,0.579,-0.232,1,1,0,0.25
